static const unsigned char ghost_write_helper_bin[] = {
  0x7f, 0x45, 0x4c, 0x46, 0x02, 0x01, 0x01, 0x00, 0x00, 0x00, 0x00, 0x00,
  0x00, 0x00, 0x00, 0x00, 0x03, 0x00, 0xb7, 0x00, 0x01, 0x00, 0x00, 0x00,
  0xf0, 0x62, 0x00, 0x00, 0x00, 0x00, 0x00, 0x00, 0x40, 0x00, 0x00, 0x00,
  0x00, 0x00, 0x00, 0x00, 0x58, 0x3b, 0x00, 0x00, 0x00, 0x00, 0x00, 0x00,
  0x00, 0x00, 0x00, 0x00, 0x40, 0x00, 0x38, 0x00, 0x0c, 0x00, 0x40, 0x00,
  0x18, 0x00, 0x17, 0x00, 0x06, 0x00, 0x00, 0x00, 0x04, 0x00, 0x00, 0x00,
  0x40, 0x00, 0x00, 0x00, 0x00, 0x00, 0x00, 0x00, 0x40, 0x00, 0x00, 0x00,
  0x00, 0x00, 0x00, 0x00, 0x40, 0x00, 0x00, 0x00, 0x00, 0x00, 0x00, 0x00,
  0xa0, 0x02, 0x00, 0x00, 0x00, 0x00, 0x00, 0x00, 0xa0, 0x02, 0x00, 0x00,
  0x00, 0x00, 0x00, 0x00, 0x08, 0x00, 0x00, 0x00, 0x00, 0x00, 0x00, 0x00,
  0x03, 0x00, 0x00, 0x00, 0x04, 0x00, 0x00, 0x00, 0xe0, 0x02, 0x00, 0x00,
  0x00, 0x00, 0x00, 0x00, 0xe0, 0x02, 0x00, 0x00, 0x00, 0x00, 0x00, 0x00,
  0xe0, 0x02, 0x00, 0x00, 0x00, 0x00, 0x00, 0x00, 0x15, 0x00, 0x00, 0x00,
  0x00, 0x00, 0x00, 0x00, 0x15, 0x00, 0x00, 0x00, 0x00, 0x00, 0x00, 0x00,
  0x01, 0x00, 0x00, 0x00, 0x00, 0x00, 0x00, 0x00, 0x01, 0x00, 0x00, 0x00,
  0x04, 0x00, 0x00, 0x00, 0x00, 0x00, 0x00, 0x00, 0x00, 0x00, 0x00, 0x00,
  0x00, 0x00, 0x00, 0x00, 0x00, 0x00, 0x00, 0x00, 0x00, 0x00, 0x00, 0x00,
  0x00, 0x00, 0x00, 0x00, 0xf0, 0x22, 0x00, 0x00, 0x00, 0x00, 0x00, 0x00,
  0xf0, 0x22, 0x00, 0x00, 0x00, 0x00, 0x00, 0x00, 0x00, 0x40, 0x00, 0x00,
  0x00, 0x00, 0x00, 0x00, 0x01, 0x00, 0x00, 0x00, 0x05, 0x00, 0x00, 0x00,
  0xf0, 0x22, 0x00, 0x00, 0x00, 0x00, 0x00, 0x00, 0xf0, 0x62, 0x00, 0x00,
  0x00, 0x00, 0x00, 0x00, 0xf0, 0x62, 0x00, 0x00, 0x00, 0x00, 0x00, 0x00,
  0x80, 0x14, 0x00, 0x00, 0x00, 0x00, 0x00, 0x00, 0x80, 0x14, 0x00, 0x00,
  0x00, 0x00, 0x00, 0x00, 0x00, 0x40, 0x00, 0x00, 0x00, 0x00, 0x00, 0x00,
  0x01, 0x00, 0x00, 0x00, 0x06, 0x00, 0x00, 0x00, 0x80, 0x37, 0x00, 0x00,
  0x00, 0x00, 0x00, 0x00, 0x80, 0xb7, 0x00, 0x00, 0x00, 0x00, 0x00, 0x00,
  0x80, 0xb7, 0x00, 0x00, 0x00, 0x00, 0x00, 0x00, 0xe0, 0x02, 0x00, 0x00,
  0x00, 0x00, 0x00, 0x00, 0x80, 0x08, 0x00, 0x00, 0x00, 0x00, 0x00, 0x00,
  0x00, 0x40, 0x00, 0x00, 0x00, 0x00, 0x00, 0x00, 0x01, 0x00, 0x00, 0x00,
  0x06, 0x00, 0x00, 0x00, 0x60, 0x3a, 0x00, 0x00, 0x00, 0x00, 0x00, 0x00,
  0x60, 0xfa, 0x00, 0x00, 0x00, 0x00, 0x00, 0x00, 0x60, 0xfa, 0x00, 0x00,
  0x00, 0x00, 0x00, 0x00, 0x18, 0x00, 0x00, 0x00, 0x00, 0x00, 0x00, 0x00,
  0xa4, 0x00, 0x00, 0x00, 0x00, 0x00, 0x00, 0x00, 0x00, 0x40, 0x00, 0x00,
  0x00, 0x00, 0x00, 0x00, 0x07, 0x00, 0x00, 0x00, 0x04, 0x00, 0x00, 0x00,
  0x80, 0x37, 0x00, 0x00, 0x00, 0x00, 0x00, 0x00, 0x80, 0xb7, 0x00, 0x00,
  0x00, 0x00, 0x00, 0x00, 0x80, 0xb7, 0x00, 0x00, 0x00, 0x00, 0x00, 0x00,
  0x00, 0x00, 0x00, 0x00, 0x00, 0x00, 0x00, 0x00, 0x00, 0x00, 0x00, 0x00,
  0x00, 0x00, 0x00, 0x00, 0x40, 0x00, 0x00, 0x00, 0x00, 0x00, 0x00, 0x00,
  0x02, 0x00, 0x00, 0x00, 0x06, 0x00, 0x00, 0x00, 0x80, 0x37, 0x00, 0x00,
  0x00, 0x00, 0x00, 0x00, 0x80, 0xb7, 0x00, 0x00, 0x00, 0x00, 0x00, 0x00,
  0x80, 0xb7, 0x00, 0x00, 0x00, 0x00, 0x00, 0x00, 0x80, 0x01, 0x00, 0x00,
  0x00, 0x00, 0x00, 0x00, 0x80, 0x01, 0x00, 0x00, 0x00, 0x00, 0x00, 0x00,
  0x08, 0x00, 0x00, 0x00, 0x00, 0x00, 0x00, 0x00, 0x52, 0xe5, 0x74, 0x64,
  0x04, 0x00, 0x00, 0x00, 0x80, 0x37, 0x00, 0x00, 0x00, 0x00, 0x00, 0x00,
  0x80, 0xb7, 0x00, 0x00, 0x00, 0x00, 0x00, 0x00, 0x80, 0xb7, 0x00, 0x00,
  0x00, 0x00, 0x00, 0x00, 0xe0, 0x02, 0x00, 0x00, 0x00, 0x00, 0x00, 0x00,
  0x80, 0x08, 0x00, 0x00, 0x00, 0x00, 0x00, 0x00, 0x01, 0x00, 0x00, 0x00,
  0x00, 0x00, 0x00, 0x00, 0x50, 0xe5, 0x74, 0x64, 0x04, 0x00, 0x00, 0x00,
  0xf0, 0x20, 0x00, 0x00, 0x00, 0x00, 0x00, 0x00, 0xf0, 0x20, 0x00, 0x00,
  0x00, 0x00, 0x00, 0x00, 0xf0, 0x20, 0x00, 0x00, 0x00, 0x00, 0x00, 0x00,
  0x5c, 0x00, 0x00, 0x00, 0x00, 0x00, 0x00, 0x00, 0x5c, 0x00, 0x00, 0x00,
  0x00, 0x00, 0x00, 0x00, 0x04, 0x00, 0x00, 0x00, 0x00, 0x00, 0x00, 0x00,
  0x51, 0xe5, 0x74, 0x64, 0x06, 0x00, 0x00, 0x00, 0x00, 0x00, 0x00, 0x00,
  0x00, 0x00, 0x00, 0x00, 0x00, 0x00, 0x00, 0x00, 0x00, 0x00, 0x00, 0x00,
  0x00, 0x00, 0x00, 0x00, 0x00, 0x00, 0x00, 0x00, 0x00, 0x00, 0x00, 0x00,
  0x00, 0x00, 0x00, 0x00, 0x00, 0x00, 0x00, 0x00, 0x00, 0x00, 0x00, 0x00,
  0x00, 0x00, 0x00, 0x00, 0x00, 0x00, 0x00, 0x00, 0x04, 0x00, 0x00, 0x00,
  0x04, 0x00, 0x00, 0x00, 0xf8, 0x02, 0x00, 0x00, 0x00, 0x00, 0x00, 0x00,
  0xf8, 0x02, 0x00, 0x00, 0x00, 0x00, 0x00, 0x00, 0xf8, 0x02, 0x00, 0x00,
  0x00, 0x00, 0x00, 0x00, 0x98, 0x00, 0x00, 0x00, 0x00, 0x00, 0x00, 0x00,
  0x98, 0x00, 0x00, 0x00, 0x00, 0x00, 0x00, 0x00, 0x04, 0x00, 0x00, 0x00,
  0x00, 0x00, 0x00, 0x00, 0x2f, 0x73, 0x79, 0x73, 0x74, 0x65, 0x6d, 0x2f,
  0x62, 0x69, 0x6e, 0x2f, 0x6c, 0x69, 0x6e, 0x6b, 0x65, 0x72, 0x36, 0x34,
  0x00, 0x00, 0x00, 0x00, 0x08, 0x00, 0x00, 0x00, 0x84, 0x00, 0x00, 0x00,
  0x01, 0x00, 0x00, 0x00, 0x41, 0x6e, 0x64, 0x72, 0x6f, 0x69, 0x64, 0x00,
  0x23, 0x00, 0x00, 0x00, 0x72, 0x32, 0x39, 0x00, 0x00, 0x00, 0x00, 0x00,
  0x00, 0x00, 0x00, 0x00, 0x00, 0x00, 0x00, 0x00, 0x00, 0x00, 0x00, 0x00,
  0x00, 0x00, 0x00, 0x00, 0x00, 0x00, 0x00, 0x00, 0x00, 0x00, 0x00, 0x00,
  0x00, 0x00, 0x00, 0x00, 0x00, 0x00, 0x00, 0x00, 0x00, 0x00, 0x00, 0x00,
  0x00, 0x00, 0x00, 0x00, 0x00, 0x00, 0x00, 0x00, 0x00, 0x00, 0x00, 0x00,
  0x00, 0x00, 0x00, 0x00, 0x00, 0x00, 0x00, 0x00, 0x31, 0x34, 0x32, 0x30,
  0x36, 0x38, 0x36, 0x35, 0x00, 0x00, 0x00, 0x00, 0x00, 0x00, 0x00, 0x00,
  0x00, 0x00, 0x00, 0x00, 0x00, 0x00, 0x00, 0x00, 0x00, 0x00, 0x00, 0x00,
  0x00, 0x00, 0x00, 0x00, 0x00, 0x00, 0x00, 0x00, 0x00, 0x00, 0x00, 0x00,
  0x00, 0x00, 0x00, 0x00, 0x00, 0x00, 0x00, 0x00, 0x00, 0x00, 0x00, 0x00,
  0x00, 0x00, 0x00, 0x00, 0x00, 0x00, 0x00, 0x00, 0x00, 0x00, 0x00, 0x00,
  0x00, 0x00, 0x00, 0x00, 0x00, 0x00, 0x00, 0x00, 0x00, 0x00, 0x00, 0x00,
  0x00, 0x00, 0x00, 0x00, 0x00, 0x00, 0x00, 0x00, 0x00, 0x00, 0x00, 0x00,
  0x01, 0x00, 0x00, 0x00, 0x12, 0x00, 0x00, 0x00, 0x00, 0x00, 0x00, 0x00,
  0x00, 0x00, 0x00, 0x00, 0x00, 0x00, 0x00, 0x00, 0x00, 0x00, 0x00, 0x00,
  0x0d, 0x00, 0x00, 0x00, 0x12, 0x00, 0x00, 0x00, 0x00, 0x00, 0x00, 0x00,
  0x00, 0x00, 0x00, 0x00, 0x00, 0x00, 0x00, 0x00, 0x00, 0x00, 0x00, 0x00,
  0x1a, 0x00, 0x00, 0x00, 0x12, 0x00, 0x00, 0x00, 0x00, 0x00, 0x00, 0x00,
  0x00, 0x00, 0x00, 0x00, 0x00, 0x00, 0x00, 0x00, 0x00, 0x00, 0x00, 0x00,
  0x2c, 0x00, 0x00, 0x00, 0x11, 0x00, 0x00, 0x00, 0x00, 0x00, 0x00, 0x00,
  0x00, 0x00, 0x00, 0x00, 0x00, 0x00, 0x00, 0x00, 0x00, 0x00, 0x00, 0x00,
  0x33, 0x00, 0x00, 0x00, 0x12, 0x00, 0x00, 0x00, 0x00, 0x00, 0x00, 0x00,
  0x00, 0x00, 0x00, 0x00, 0x00, 0x00, 0x00, 0x00, 0x00, 0x00, 0x00, 0x00,
  0x3b, 0x00, 0x00, 0x00, 0x12, 0x00, 0x00, 0x00, 0x00, 0x00, 0x00, 0x00,
  0x00, 0x00, 0x00, 0x00, 0x00, 0x00, 0x00, 0x00, 0x00, 0x00, 0x00, 0x00,
  0x42, 0x00, 0x00, 0x00, 0x12, 0x00, 0x00, 0x00, 0x00, 0x00, 0x00, 0x00,
  0x00, 0x00, 0x00, 0x00, 0x00, 0x00, 0x00, 0x00, 0x00, 0x00, 0x00, 0x00,
  0x49, 0x00, 0x00, 0x00, 0x12, 0x00, 0x00, 0x00, 0x00, 0x00, 0x00, 0x00,
  0x00, 0x00, 0x00, 0x00, 0x00, 0x00, 0x00, 0x00, 0x00, 0x00, 0x00, 0x00,
  0x50, 0x00, 0x00, 0x00, 0x12, 0x00, 0x00, 0x00, 0x00, 0x00, 0x00, 0x00,
  0x00, 0x00, 0x00, 0x00, 0x00, 0x00, 0x00, 0x00, 0x00, 0x00, 0x00, 0x00,
  0x56, 0x00, 0x00, 0x00, 0x12, 0x00, 0x00, 0x00, 0x00, 0x00, 0x00, 0x00,
  0x00, 0x00, 0x00, 0x00, 0x00, 0x00, 0x00, 0x00, 0x00, 0x00, 0x00, 0x00,
  0x5c, 0x00, 0x00, 0x00, 0x12, 0x00, 0x00, 0x00, 0x00, 0x00, 0x00, 0x00,
  0x00, 0x00, 0x00, 0x00, 0x00, 0x00, 0x00, 0x00, 0x00, 0x00, 0x00, 0x00,
  0x64, 0x00, 0x00, 0x00, 0x12, 0x00, 0x00, 0x00, 0x00, 0x00, 0x00, 0x00,
  0x00, 0x00, 0x00, 0x00, 0x00, 0x00, 0x00, 0x00, 0x00, 0x00, 0x00, 0x00,
  0x6d, 0x00, 0x00, 0x00, 0x12, 0x00, 0x00, 0x00, 0x00, 0x00, 0x00, 0x00,
  0x00, 0x00, 0x00, 0x00, 0x00, 0x00, 0x00, 0x00, 0x00, 0x00, 0x00, 0x00,
  0x74, 0x00, 0x00, 0x00, 0x12, 0x00, 0x00, 0x00, 0x00, 0x00, 0x00, 0x00,
  0x00, 0x00, 0x00, 0x00, 0x00, 0x00, 0x00, 0x00, 0x00, 0x00, 0x00, 0x00,
  0x7d, 0x00, 0x00, 0x00, 0x12, 0x00, 0x00, 0x00, 0x00, 0x00, 0x00, 0x00,
  0x00, 0x00, 0x00, 0x00, 0x00, 0x00, 0x00, 0x00, 0x00, 0x00, 0x00, 0x00,
  0x82, 0x00, 0x00, 0x00, 0x12, 0x00, 0x00, 0x00, 0x00, 0x00, 0x00, 0x00,
  0x00, 0x00, 0x00, 0x00, 0x00, 0x00, 0x00, 0x00, 0x00, 0x00, 0x00, 0x00,
  0x88, 0x00, 0x00, 0x00, 0x12, 0x00, 0x00, 0x00, 0x00, 0x00, 0x00, 0x00,
  0x00, 0x00, 0x00, 0x00, 0x00, 0x00, 0x00, 0x00, 0x00, 0x00, 0x00, 0x00,
  0x8e, 0x00, 0x00, 0x00, 0x12, 0x00, 0x00, 0x00, 0x00, 0x00, 0x00, 0x00,
  0x00, 0x00, 0x00, 0x00, 0x00, 0x00, 0x00, 0x00, 0x00, 0x00, 0x00, 0x00,
  0x95, 0x00, 0x00, 0x00, 0x12, 0x00, 0x00, 0x00, 0x00, 0x00, 0x00, 0x00,
  0x00, 0x00, 0x00, 0x00, 0x00, 0x00, 0x00, 0x00, 0x00, 0x00, 0x00, 0x00,
  0x9d, 0x00, 0x00, 0x00, 0x12, 0x00, 0x00, 0x00, 0x00, 0x00, 0x00, 0x00,
  0x00, 0x00, 0x00, 0x00, 0x00, 0x00, 0x00, 0x00, 0x00, 0x00, 0x00, 0x00,
  0xa6, 0x00, 0x00, 0x00, 0x12, 0x00, 0x00, 0x00, 0x00, 0x00, 0x00, 0x00,
  0x00, 0x00, 0x00, 0x00, 0x00, 0x00, 0x00, 0x00, 0x00, 0x00, 0x00, 0x00,
  0xab, 0x00, 0x00, 0x00, 0x12, 0x00, 0x00, 0x00, 0x00, 0x00, 0x00, 0x00,
  0x00, 0x00, 0x00, 0x00, 0x00, 0x00, 0x00, 0x00, 0x00, 0x00, 0x00, 0x00,
  0xb0, 0x00, 0x00, 0x00, 0x12, 0x00, 0x00, 0x00, 0x00, 0x00, 0x00, 0x00,
  0x00, 0x00, 0x00, 0x00, 0x00, 0x00, 0x00, 0x00, 0x00, 0x00, 0x00, 0x00,
  0xb7, 0x00, 0x00, 0x00, 0x12, 0x00, 0x00, 0x00, 0x00, 0x00, 0x00, 0x00,
  0x00, 0x00, 0x00, 0x00, 0x00, 0x00, 0x00, 0x00, 0x00, 0x00, 0x00, 0x00,
  0xc4, 0x00, 0x00, 0x00, 0x12, 0x00, 0x00, 0x00, 0x00, 0x00, 0x00, 0x00,
  0x00, 0x00, 0x00, 0x00, 0x00, 0x00, 0x00, 0x00, 0x00, 0x00, 0x00, 0x00,
  0xcb, 0x00, 0x00, 0x00, 0x12, 0x00, 0x00, 0x00, 0x00, 0x00, 0x00, 0x00,
  0x00, 0x00, 0x00, 0x00, 0x00, 0x00, 0x00, 0x00, 0x00, 0x00, 0x00, 0x00,
  0xd0, 0x00, 0x00, 0x00, 0x12, 0x00, 0x00, 0x00, 0x00, 0x00, 0x00, 0x00,
  0x00, 0x00, 0x00, 0x00, 0x00, 0x00, 0x00, 0x00, 0x00, 0x00, 0x00, 0x00,
  0xd5, 0x00, 0x00, 0x00, 0x12, 0x00, 0x00, 0x00, 0x00, 0x00, 0x00, 0x00,
  0x00, 0x00, 0x00, 0x00, 0x00, 0x00, 0x00, 0x00, 0x00, 0x00, 0x00, 0x00,
  0xdd, 0x00, 0x00, 0x00, 0x12, 0x00, 0x00, 0x00, 0x00, 0x00, 0x00, 0x00,
  0x00, 0x00, 0x00, 0x00, 0x00, 0x00, 0x00, 0x00, 0x00, 0x00, 0x00, 0x00,
  0xe2, 0x00, 0x00, 0x00, 0x12, 0x00, 0x00, 0x00, 0x00, 0x00, 0x00, 0x00,
  0x00, 0x00, 0x00, 0x00, 0x00, 0x00, 0x00, 0x00, 0x00, 0x00, 0x00, 0x00,
  0xea, 0x00, 0x00, 0x00, 0x12, 0x00, 0x00, 0x00, 0x00, 0x00, 0x00, 0x00,
  0x00, 0x00, 0x00, 0x00, 0x00, 0x00, 0x00, 0x00, 0x00, 0x00, 0x00, 0x00,
  0xf9, 0x00, 0x00, 0x00, 0x12, 0x00, 0x00, 0x00, 0x00, 0x00, 0x00, 0x00,
  0x00, 0x00, 0x00, 0x00, 0x00, 0x00, 0x00, 0x00, 0x00, 0x00, 0x00, 0x00,
  0x05, 0x01, 0x00, 0x00, 0x12, 0x00, 0x00, 0x00, 0x00, 0x00, 0x00, 0x00,
  0x00, 0x00, 0x00, 0x00, 0x00, 0x00, 0x00, 0x00, 0x00, 0x00, 0x00, 0x00,
  0x0c, 0x01, 0x00, 0x00, 0x12, 0x00, 0x00, 0x00, 0x00, 0x00, 0x00, 0x00,
  0x00, 0x00, 0x00, 0x00, 0x00, 0x00, 0x00, 0x00, 0x00, 0x00, 0x00, 0x00,
  0x19, 0x01, 0x00, 0x00, 0x12, 0x00, 0x00, 0x00, 0x00, 0x00, 0x00, 0x00,
  0x00, 0x00, 0x00, 0x00, 0x00, 0x00, 0x00, 0x00, 0x00, 0x00, 0x00, 0x00,
  0x1f, 0x01, 0x00, 0x00, 0x12, 0x00, 0x00, 0x00, 0x00, 0x00, 0x00, 0x00,
  0x00, 0x00, 0x00, 0x00, 0x00, 0x00, 0x00, 0x00, 0x00, 0x00, 0x00, 0x00,
  0x29, 0x01, 0x00, 0x00, 0x12, 0x00, 0x00, 0x00, 0x00, 0x00, 0x00, 0x00,
  0x00, 0x00, 0x00, 0x00, 0x00, 0x00, 0x00, 0x00, 0x00, 0x00, 0x00, 0x00,
  0x30, 0x01, 0x00, 0x00, 0x12, 0x00, 0x00, 0x00, 0x00, 0x00, 0x00, 0x00,
  0x00, 0x00, 0x00, 0x00, 0x00, 0x00, 0x00, 0x00, 0x00, 0x00, 0x00, 0x00,
  0x00, 0x00, 0x02, 0x00, 0x02, 0x00, 0x02, 0x00, 0x02, 0x00, 0x02, 0x00,
  0x02, 0x00, 0x02, 0x00, 0x02, 0x00, 0x02, 0x00, 0x02, 0x00, 0x02, 0x00,
  0x02, 0x00, 0x02, 0x00, 0x02, 0x00, 0x02, 0x00, 0x02, 0x00, 0x02, 0x00,
  0x02, 0x00, 0x02, 0x00, 0x02, 0x00, 0x02, 0x00, 0x02, 0x00, 0x02, 0x00,
  0x02, 0x00, 0x02, 0x00, 0x02, 0x00, 0x02, 0x00, 0x02, 0x00, 0x02, 0x00,
  0x02, 0x00, 0x02, 0x00, 0x02, 0x00, 0x02, 0x00, 0x02, 0x00, 0x02, 0x00,
  0x02, 0x00, 0x02, 0x00, 0x02, 0x00, 0x00, 0x00, 0x01, 0x00, 0x01, 0x00,
  0x38, 0x01, 0x00, 0x00, 0x10, 0x00, 0x00, 0x00, 0x00, 0x00, 0x00, 0x00,
  0x63, 0x0d, 0x05, 0x00, 0x00, 0x00, 0x02, 0x00, 0x40, 0x01, 0x00, 0x00,
  0x00, 0x00, 0x00, 0x00, 0x01, 0x00, 0x00, 0x00, 0x27, 0x00, 0x00, 0x00,
  0x01, 0x00, 0x00, 0x00, 0x1a, 0x00, 0x00, 0x00, 0x00, 0x00, 0x00, 0x00,
  0x00, 0x00, 0x00, 0x00, 0x00, 0x00, 0x00, 0x00, 0x00, 0x5f, 0x5f, 0x6c,
  0x69, 0x62, 0x63, 0x5f, 0x69, 0x6e, 0x69, 0x74, 0x00, 0x5f, 0x5f, 0x63,
  0x78, 0x61, 0x5f, 0x61, 0x74, 0x65, 0x78, 0x69, 0x74, 0x00, 0x5f, 0x5f,
  0x72, 0x65, 0x67, 0x69, 0x73, 0x74, 0x65, 0x72, 0x5f, 0x61, 0x74, 0x66,
  0x6f, 0x72, 0x6b, 0x00, 0x73, 0x74, 0x64, 0x6f, 0x75, 0x74, 0x00, 0x73,
  0x65, 0x74, 0x76, 0x62, 0x75, 0x66, 0x00, 0x73, 0x69, 0x67, 0x6e, 0x61,
  0x6c, 0x00, 0x67, 0x65, 0x74, 0x70, 0x69, 0x64, 0x00, 0x67, 0x65, 0x74,
  0x65, 0x6e, 0x76, 0x00, 0x66, 0x6f, 0x70, 0x65, 0x6e, 0x00, 0x66, 0x67,
  0x65, 0x74, 0x73, 0x00, 0x5f, 0x5f, 0x65, 0x72, 0x72, 0x6e, 0x6f, 0x00,
  0x73, 0x74, 0x72, 0x74, 0x6f, 0x75, 0x6c, 0x6c, 0x00, 0x66, 0x63, 0x6c,
  0x6f, 0x73, 0x65, 0x00, 0x73, 0x74, 0x72, 0x65, 0x72, 0x72, 0x6f, 0x72,
  0x00, 0x6f, 0x70, 0x65, 0x6e, 0x00, 0x77, 0x72, 0x69, 0x74, 0x65, 0x00,
  0x63, 0x6c, 0x6f, 0x73, 0x65, 0x00, 0x75, 0x73, 0x6c, 0x65, 0x65, 0x70,
  0x00, 0x73, 0x79, 0x73, 0x63, 0x6f, 0x6e, 0x66, 0x00, 0x73, 0x6e, 0x70,
  0x72, 0x69, 0x6e, 0x74, 0x66, 0x00, 0x70, 0x69, 0x70, 0x65, 0x00, 0x66,
  0x6f, 0x72, 0x6b, 0x00, 0x6d, 0x61, 0x6c, 0x6c, 0x6f, 0x63, 0x00, 0x5f,
  0x5f, 0x46, 0x44, 0x5f, 0x53, 0x45, 0x54, 0x5f, 0x63, 0x68, 0x6b, 0x00,
  0x73, 0x65, 0x6c, 0x65, 0x63, 0x74, 0x00, 0x72, 0x65, 0x61, 0x64, 0x00,
  0x6b, 0x69, 0x6c, 0x6c, 0x00, 0x77, 0x61, 0x69, 0x74, 0x70, 0x69, 0x64,
  0x00, 0x66, 0x72, 0x65, 0x65, 0x00, 0x73, 0x74, 0x72, 0x74, 0x6f, 0x75,
  0x6c, 0x00, 0x70, 0x74, 0x68, 0x72, 0x65, 0x61, 0x64, 0x5f, 0x63, 0x72,
  0x65, 0x61, 0x74, 0x65, 0x00, 0x73, 0x63, 0x68, 0x65, 0x64, 0x5f, 0x79,
  0x69, 0x65, 0x6c, 0x64, 0x00, 0x74, 0x67, 0x6b, 0x69, 0x6c, 0x6c, 0x00,
  0x70, 0x74, 0x68, 0x72, 0x65, 0x61, 0x64, 0x5f, 0x6a, 0x6f, 0x69, 0x6e,
  0x00, 0x5f, 0x65, 0x78, 0x69, 0x74, 0x00, 0x76, 0x73, 0x6e, 0x70, 0x72,
  0x69, 0x6e, 0x74, 0x66, 0x00, 0x70, 0x72, 0x69, 0x6e, 0x74, 0x66, 0x00,
  0x73, 0x79, 0x73, 0x63, 0x61, 0x6c, 0x6c, 0x00, 0x6c, 0x69, 0x62, 0x63,
  0x2e, 0x73, 0x6f, 0x00, 0x4c, 0x49, 0x42, 0x43, 0x00, 0x6c, 0x69, 0x62,
  0x64, 0x6c, 0x2e, 0x73, 0x6f, 0x00, 0x00, 0x00, 0x00, 0x00, 0x00, 0x00,
  0x18, 0xb9, 0x00, 0x00, 0x00, 0x00, 0x00, 0x00, 0x01, 0x04, 0x00, 0x00,
  0x04, 0x00, 0x00, 0x00, 0x00, 0x00, 0x00, 0x00, 0x00, 0x00, 0x00, 0x00,
  0x00, 0xb9, 0x00, 0x00, 0x00, 0x00, 0x00, 0x00, 0x07, 0x00, 0x00, 0x00,
  0x00, 0x00, 0x00, 0x00, 0x68, 0xfa, 0x00, 0x00, 0x00, 0x00, 0x00, 0x00,
  0x38, 0xb9, 0x00, 0x00, 0x00, 0x00, 0x00, 0x00, 0x02, 0x04, 0x00, 0x00,
  0x01, 0x00, 0x00, 0x00, 0x00, 0x00, 0x00, 0x00, 0x00, 0x00, 0x00, 0x00,
  0x40, 0xb9, 0x00, 0x00, 0x00, 0x00, 0x00, 0x00, 0x02, 0x04, 0x00, 0x00,
  0x02, 0x00, 0x00, 0x00, 0x00, 0x00, 0x00, 0x00, 0x00, 0x00, 0x00, 0x00,
  0x48, 0xb9, 0x00, 0x00, 0x00, 0x00, 0x00, 0x00, 0x02, 0x04, 0x00, 0x00,
  0x03, 0x00, 0x00, 0x00, 0x00, 0x00, 0x00, 0x00, 0x00, 0x00, 0x00, 0x00,
  0x50, 0xb9, 0x00, 0x00, 0x00, 0x00, 0x00, 0x00, 0x02, 0x04, 0x00, 0x00,
  0x05, 0x00, 0x00, 0x00, 0x00, 0x00, 0x00, 0x00, 0x00, 0x00, 0x00, 0x00,
  0x58, 0xb9, 0x00, 0x00, 0x00, 0x00, 0x00, 0x00, 0x02, 0x04, 0x00, 0x00,
  0x06, 0x00, 0x00, 0x00, 0x00, 0x00, 0x00, 0x00, 0x00, 0x00, 0x00, 0x00,
  0x60, 0xb9, 0x00, 0x00, 0x00, 0x00, 0x00, 0x00, 0x02, 0x04, 0x00, 0x00,
  0x07, 0x00, 0x00, 0x00, 0x00, 0x00, 0x00, 0x00, 0x00, 0x00, 0x00, 0x00,
  0x68, 0xb9, 0x00, 0x00, 0x00, 0x00, 0x00, 0x00, 0x02, 0x04, 0x00, 0x00,
  0x08, 0x00, 0x00, 0x00, 0x00, 0x00, 0x00, 0x00, 0x00, 0x00, 0x00, 0x00,
  0x70, 0xb9, 0x00, 0x00, 0x00, 0x00, 0x00, 0x00, 0x02, 0x04, 0x00, 0x00,
  0x09, 0x00, 0x00, 0x00, 0x00, 0x00, 0x00, 0x00, 0x00, 0x00, 0x00, 0x00,
  0x78, 0xb9, 0x00, 0x00, 0x00, 0x00, 0x00, 0x00, 0x02, 0x04, 0x00, 0x00,
  0x0a, 0x00, 0x00, 0x00, 0x00, 0x00, 0x00, 0x00, 0x00, 0x00, 0x00, 0x00,
  0x80, 0xb9, 0x00, 0x00, 0x00, 0x00, 0x00, 0x00, 0x02, 0x04, 0x00, 0x00,
  0x0b, 0x00, 0x00, 0x00, 0x00, 0x00, 0x00, 0x00, 0x00, 0x00, 0x00, 0x00,
  0x88, 0xb9, 0x00, 0x00, 0x00, 0x00, 0x00, 0x00, 0x02, 0x04, 0x00, 0x00,
  0x0c, 0x00, 0x00, 0x00, 0x00, 0x00, 0x00, 0x00, 0x00, 0x00, 0x00, 0x00,
  0x90, 0xb9, 0x00, 0x00, 0x00, 0x00, 0x00, 0x00, 0x02, 0x04, 0x00, 0x00,
  0x0d, 0x00, 0x00, 0x00, 0x00, 0x00, 0x00, 0x00, 0x00, 0x00, 0x00, 0x00,
  0x98, 0xb9, 0x00, 0x00, 0x00, 0x00, 0x00, 0x00, 0x02, 0x04, 0x00, 0x00,
  0x0e, 0x00, 0x00, 0x00, 0x00, 0x00, 0x00, 0x00, 0x00, 0x00, 0x00, 0x00,
  0xa0, 0xb9, 0x00, 0x00, 0x00, 0x00, 0x00, 0x00, 0x02, 0x04, 0x00, 0x00,
  0x0f, 0x00, 0x00, 0x00, 0x00, 0x00, 0x00, 0x00, 0x00, 0x00, 0x00, 0x00,
  0xa8, 0xb9, 0x00, 0x00, 0x00, 0x00, 0x00, 0x00, 0x02, 0x04, 0x00, 0x00,
  0x10, 0x00, 0x00, 0x00, 0x00, 0x00, 0x00, 0x00, 0x00, 0x00, 0x00, 0x00,
  0xb0, 0xb9, 0x00, 0x00, 0x00, 0x00, 0x00, 0x00, 0x02, 0x04, 0x00, 0x00,
  0x11, 0x00, 0x00, 0x00, 0x00, 0x00, 0x00, 0x00, 0x00, 0x00, 0x00, 0x00,
  0xb8, 0xb9, 0x00, 0x00, 0x00, 0x00, 0x00, 0x00, 0x02, 0x04, 0x00, 0x00,
  0x12, 0x00, 0x00, 0x00, 0x00, 0x00, 0x00, 0x00, 0x00, 0x00, 0x00, 0x00,
  0xc0, 0xb9, 0x00, 0x00, 0x00, 0x00, 0x00, 0x00, 0x02, 0x04, 0x00, 0x00,
  0x13, 0x00, 0x00, 0x00, 0x00, 0x00, 0x00, 0x00, 0x00, 0x00, 0x00, 0x00,
  0xc8, 0xb9, 0x00, 0x00, 0x00, 0x00, 0x00, 0x00, 0x02, 0x04, 0x00, 0x00,
  0x14, 0x00, 0x00, 0x00, 0x00, 0x00, 0x00, 0x00, 0x00, 0x00, 0x00, 0x00,
  0xd0, 0xb9, 0x00, 0x00, 0x00, 0x00, 0x00, 0x00, 0x02, 0x04, 0x00, 0x00,
  0x15, 0x00, 0x00, 0x00, 0x00, 0x00, 0x00, 0x00, 0x00, 0x00, 0x00, 0x00,
  0xd8, 0xb9, 0x00, 0x00, 0x00, 0x00, 0x00, 0x00, 0x02, 0x04, 0x00, 0x00,
  0x16, 0x00, 0x00, 0x00, 0x00, 0x00, 0x00, 0x00, 0x00, 0x00, 0x00, 0x00,
  0xe0, 0xb9, 0x00, 0x00, 0x00, 0x00, 0x00, 0x00, 0x02, 0x04, 0x00, 0x00,
  0x17, 0x00, 0x00, 0x00, 0x00, 0x00, 0x00, 0x00, 0x00, 0x00, 0x00, 0x00,
  0xe8, 0xb9, 0x00, 0x00, 0x00, 0x00, 0x00, 0x00, 0x02, 0x04, 0x00, 0x00,
  0x18, 0x00, 0x00, 0x00, 0x00, 0x00, 0x00, 0x00, 0x00, 0x00, 0x00, 0x00,
  0xf0, 0xb9, 0x00, 0x00, 0x00, 0x00, 0x00, 0x00, 0x02, 0x04, 0x00, 0x00,
  0x19, 0x00, 0x00, 0x00, 0x00, 0x00, 0x00, 0x00, 0x00, 0x00, 0x00, 0x00,
  0xf8, 0xb9, 0x00, 0x00, 0x00, 0x00, 0x00, 0x00, 0x02, 0x04, 0x00, 0x00,
  0x1a, 0x00, 0x00, 0x00, 0x00, 0x00, 0x00, 0x00, 0x00, 0x00, 0x00, 0x00,
  0x00, 0xba, 0x00, 0x00, 0x00, 0x00, 0x00, 0x00, 0x02, 0x04, 0x00, 0x00,
  0x1b, 0x00, 0x00, 0x00, 0x00, 0x00, 0x00, 0x00, 0x00, 0x00, 0x00, 0x00,
  0x08, 0xba, 0x00, 0x00, 0x00, 0x00, 0x00, 0x00, 0x02, 0x04, 0x00, 0x00,
  0x1c, 0x00, 0x00, 0x00, 0x00, 0x00, 0x00, 0x00, 0x00, 0x00, 0x00, 0x00,
  0x10, 0xba, 0x00, 0x00, 0x00, 0x00, 0x00, 0x00, 0x02, 0x04, 0x00, 0x00,
  0x1d, 0x00, 0x00, 0x00, 0x00, 0x00, 0x00, 0x00, 0x00, 0x00, 0x00, 0x00,
  0x18, 0xba, 0x00, 0x00, 0x00, 0x00, 0x00, 0x00, 0x02, 0x04, 0x00, 0x00,
  0x1e, 0x00, 0x00, 0x00, 0x00, 0x00, 0x00, 0x00, 0x00, 0x00, 0x00, 0x00,
  0x20, 0xba, 0x00, 0x00, 0x00, 0x00, 0x00, 0x00, 0x02, 0x04, 0x00, 0x00,
  0x1f, 0x00, 0x00, 0x00, 0x00, 0x00, 0x00, 0x00, 0x00, 0x00, 0x00, 0x00,
  0x28, 0xba, 0x00, 0x00, 0x00, 0x00, 0x00, 0x00, 0x02, 0x04, 0x00, 0x00,
  0x20, 0x00, 0x00, 0x00, 0x00, 0x00, 0x00, 0x00, 0x00, 0x00, 0x00, 0x00,
  0x30, 0xba, 0x00, 0x00, 0x00, 0x00, 0x00, 0x00, 0x02, 0x04, 0x00, 0x00,
  0x21, 0x00, 0x00, 0x00, 0x00, 0x00, 0x00, 0x00, 0x00, 0x00, 0x00, 0x00,
  0x38, 0xba, 0x00, 0x00, 0x00, 0x00, 0x00, 0x00, 0x02, 0x04, 0x00, 0x00,
  0x22, 0x00, 0x00, 0x00, 0x00, 0x00, 0x00, 0x00, 0x00, 0x00, 0x00, 0x00,
  0x40, 0xba, 0x00, 0x00, 0x00, 0x00, 0x00, 0x00, 0x02, 0x04, 0x00, 0x00,
  0x23, 0x00, 0x00, 0x00, 0x00, 0x00, 0x00, 0x00, 0x00, 0x00, 0x00, 0x00,
  0x48, 0xba, 0x00, 0x00, 0x00, 0x00, 0x00, 0x00, 0x02, 0x04, 0x00, 0x00,
  0x24, 0x00, 0x00, 0x00, 0x00, 0x00, 0x00, 0x00, 0x00, 0x00, 0x00, 0x00,
  0x50, 0xba, 0x00, 0x00, 0x00, 0x00, 0x00, 0x00, 0x02, 0x04, 0x00, 0x00,
  0x25, 0x00, 0x00, 0x00, 0x00, 0x00, 0x00, 0x00, 0x00, 0x00, 0x00, 0x00,
  0x58, 0xba, 0x00, 0x00, 0x00, 0x00, 0x00, 0x00, 0x02, 0x04, 0x00, 0x00,
  0x26, 0x00, 0x00, 0x00, 0x00, 0x00, 0x00, 0x00, 0x00, 0x00, 0x00, 0x00,
  0x03, 0x00, 0x00, 0x00, 0x00, 0x00, 0x00, 0x00, 0x00, 0x00, 0x00, 0x00,
  0x00, 0x00, 0x00, 0x00, 0x1b, 0x5b, 0x31, 0x3b, 0x33, 0x31, 0x6d, 0x5b,
  0x2d, 0x5d, 0x1b, 0x5b, 0x30, 0x6d, 0x00, 0x47, 0x48, 0x4f, 0x53, 0x54,
  0x5f, 0x57, 0x52, 0x49, 0x54, 0x45, 0x5f, 0x54, 0x41, 0x52, 0x47, 0x45,
  0x54, 0x00, 0x1b, 0x5b, 0x31, 0x3b, 0x33, 0x36, 0x6d, 0x5b, 0x2a, 0x5d,
  0x1b, 0x5b, 0x30, 0x6d, 0x00, 0x73, 0x65, 0x74, 0x74, 0x6c, 0x65, 0x20,
  0x66, 0x61, 0x69, 0x6c, 0x65, 0x64, 0x00, 0x47, 0x48, 0x4f, 0x53, 0x54,
  0x5f, 0x57, 0x52, 0x49, 0x54, 0x45, 0x5f, 0x57, 0x49, 0x4e, 0x44, 0x4f,
  0x57, 0x3d, 0x25, 0x7a, 0x75, 0x20, 0x2b, 0x20, 0x6e, 0x3d, 0x25, 0x7a,
  0x75, 0x20, 0x65, 0x78, 0x63, 0x65, 0x65, 0x64, 0x73, 0x20, 0x25, 0x7a,
  0x75, 0x20, 0x77, 0x69, 0x6e, 0x64, 0x6f, 0x77, 0x73, 0x00, 0x58, 0x20,
  0x4c, 0x4f, 0x43, 0x4b, 0x5f, 0x50, 0x49, 0x28, 0x4c, 0x31, 0x29, 0x20,
  0x66, 0x61, 0x69, 0x6c, 0x65, 0x64, 0x00, 0x62, 0x61, 0x64, 0x20, 0x47,
  0x48, 0x4f, 0x53, 0x54, 0x5f, 0x57, 0x52, 0x49, 0x54, 0x45, 0x5f, 0x57,
  0x49, 0x4e, 0x44, 0x4f, 0x57, 0x3d, 0x25, 0x73, 0x00, 0x25, 0x73, 0x20,
  0x25, 0x73, 0x0a, 0x00, 0x67, 0x68, 0x6f, 0x73, 0x74, 0x5f, 0x77, 0x72,
  0x69, 0x74, 0x65, 0x5f, 0x68, 0x65, 0x6c, 0x70, 0x65, 0x72, 0x20, 0x74,
  0x67, 0x69, 0x64, 0x3d, 0x25, 0x64, 0x00, 0x4b, 0x41, 0x53, 0x4c, 0x52,
  0x3a, 0x20, 0x62, 0x61, 0x73, 0x65, 0x3d, 0x30, 0x78, 0x25, 0x6c, 0x78,
  0x20, 0x73, 0x6c, 0x69, 0x64, 0x65, 0x3d, 0x30, 0x78, 0x25, 0x6c, 0x78,
  0x00, 0x4b, 0x41, 0x53, 0x4c, 0x52, 0x3a, 0x20, 0x66, 0x6f, 0x72, 0x63,
  0x65, 0x64, 0x20, 0x73, 0x6c, 0x69, 0x64, 0x65, 0x3d, 0x30, 0x78, 0x25,
  0x6c, 0x6c, 0x78, 0x00, 0x77, 0x72, 0x69, 0x74, 0x65, 0x20, 0x74, 0x72,
  0x69, 0x67, 0x67, 0x65, 0x72, 0x3d, 0x25, 0x6c, 0x64, 0x20, 0x28, 0x76,
  0x61, 0x6c, 0x75, 0x65, 0x20, 0x30, 0x78, 0x25, 0x6c, 0x78, 0x20, 0x2d,
  0x3e, 0x20, 0x30, 0x78, 0x25, 0x6c, 0x78, 0x29, 0x00, 0x2f, 0x73, 0x79,
  0x73, 0x2f, 0x6b, 0x65, 0x72, 0x6e, 0x65, 0x6c, 0x2f, 0x74, 0x72, 0x61,
  0x63, 0x69, 0x6e, 0x67, 0x2f, 0x70, 0x65, 0x72, 0x5f, 0x63, 0x70, 0x75,
  0x2f, 0x63, 0x70, 0x75, 0x25, 0x64, 0x2f, 0x74, 0x72, 0x61, 0x63, 0x65,
  0x5f, 0x70, 0x69, 0x70, 0x65, 0x5f, 0x72, 0x61, 0x77, 0x00, 0x1b, 0x5b,
  0x31, 0x3b, 0x33, 0x30, 0x6d, 0x5b, 0x7e, 0x5d, 0x1b, 0x5b, 0x30, 0x6d,
  0x00, 0x47, 0x48, 0x4f, 0x53, 0x54, 0x5f, 0x57, 0x52, 0x49, 0x54, 0x45,
  0x5f, 0x4c, 0x49, 0x53, 0x54, 0x20, 0x6f, 0x70, 0x65, 0x6e, 0x20, 0x66,
  0x61, 0x69, 0x6c, 0x65, 0x64, 0x3a, 0x20, 0x25, 0x73, 0x00, 0x62, 0x61,
  0x64, 0x20, 0x6c, 0x69, 0x73, 0x74, 0x20, 0x6c, 0x69, 0x6e, 0x65, 0x3a,
  0x20, 0x25, 0x73, 0x00, 0x53, 0x4c, 0x49, 0x44, 0x45, 0x5f, 0x50, 0x30,
  0x5f, 0x4f, 0x46, 0x46, 0x53, 0x45, 0x54, 0x00, 0x1b, 0x5b, 0x31, 0x3b,
  0x33, 0x32, 0x6d, 0x5b, 0x2b, 0x5d, 0x1b, 0x5b, 0x30, 0x6d, 0x00, 0x67,
  0x68, 0x6f, 0x73, 0x74, 0x20, 0x77, 0x72, 0x69, 0x74, 0x65, 0x20, 0x64,
  0x6f, 0x6e, 0x65, 0x20, 0x6e, 0x3d, 0x25, 0x7a, 0x75, 0x00, 0x47, 0x48,
  0x4f, 0x53, 0x54, 0x5f, 0x57, 0x52, 0x49, 0x54, 0x45, 0x5f, 0x4c, 0x49,
  0x53, 0x54, 0x20, 0x6f, 0x72, 0x20, 0x47, 0x48, 0x4f, 0x53, 0x54, 0x5f,
  0x57, 0x52, 0x49, 0x54, 0x45, 0x5f, 0x54, 0x41, 0x52, 0x47, 0x45, 0x54,
  0x2f, 0x47, 0x48, 0x4f, 0x53, 0x54, 0x5f, 0x57, 0x52, 0x49, 0x54, 0x45,
  0x5f, 0x56, 0x41, 0x4c, 0x55, 0x45, 0x20, 0x6d, 0x75, 0x73, 0x74, 0x20,
  0x62, 0x65, 0x20, 0x73, 0x65, 0x74, 0x00, 0x59, 0x20, 0x4c, 0x4f, 0x43,
  0x4b, 0x5f, 0x50, 0x49, 0x28, 0x4c, 0x32, 0x29, 0x20, 0x66, 0x61, 0x69,
  0x6c, 0x65, 0x64, 0x3a, 0x20, 0x25, 0x73, 0x00, 0x31, 0x00, 0x69, 0x6e,
  0x76, 0x61, 0x6c, 0x69, 0x64, 0x20, 0x74, 0x61, 0x72, 0x67, 0x65, 0x74,
  0x3d, 0x25, 0x73, 0x20, 0x6f, 0x72, 0x20, 0x76, 0x61, 0x6c, 0x75, 0x65,
  0x3d, 0x25, 0x73, 0x00, 0x46, 0x41, 0x54, 0x41, 0x4c, 0x3a, 0x20, 0x73,
  0x79, 0x6d, 0x62, 0x6f, 0x6c, 0x20, 0x72, 0x65, 0x73, 0x6f, 0x6c, 0x75,
  0x74, 0x69, 0x6f, 0x6e, 0x20, 0x66, 0x61, 0x69, 0x6c, 0x65, 0x64, 0x00,
  0x47, 0x48, 0x4f, 0x53, 0x54, 0x5f, 0x57, 0x52, 0x49, 0x54, 0x45, 0x5f,
  0x4c, 0x49, 0x53, 0x54, 0x00, 0x67, 0x68, 0x6f, 0x73, 0x74, 0x20, 0x77,
  0x72, 0x69, 0x74, 0x65, 0x20, 0x77, 0x69, 0x6e, 0x64, 0x6f, 0x77, 0x3d,
  0x25, 0x7a, 0x75, 0x20, 0x6c, 0x6f, 0x63, 0x6b, 0x3d, 0x30, 0x78, 0x25,
  0x6c, 0x78, 0x20, 0x6c, 0x6f, 0x63, 0x6b, 0x32, 0x3d, 0x30, 0x78, 0x25,
  0x6c, 0x78, 0x20, 0x6e, 0x3d, 0x25, 0x7a, 0x75, 0x00, 0x77, 0x72, 0x69,
  0x74, 0x65, 0x5b, 0x25, 0x7a, 0x75, 0x5d, 0x20, 0x74, 0x61, 0x72, 0x67,
  0x65, 0x74, 0x3d, 0x30, 0x78, 0x25, 0x6c, 0x78, 0x20, 0x76, 0x61, 0x6c,
  0x75, 0x65, 0x3d, 0x30, 0x78, 0x25, 0x6c, 0x78, 0x00, 0x63, 0x61, 0x6c,
  0x6c, 0x65, 0x72, 0x3d, 0x25, 0x30, 0x31, 0x36, 0x6c, 0x6c, 0x78, 0x20,
  0x73, 0x6c, 0x69, 0x64, 0x65, 0x3d, 0x25, 0x30, 0x38, 0x6c, 0x6c, 0x78,
  0x00, 0x72, 0x00, 0x47, 0x48, 0x4f, 0x53, 0x54, 0x5f, 0x57, 0x52, 0x49,
  0x54, 0x45, 0x5f, 0x56, 0x41, 0x4c, 0x55, 0x45, 0x00, 0x67, 0x68, 0x6f,
  0x73, 0x74, 0x20, 0x77, 0x72, 0x69, 0x74, 0x65, 0x3a, 0x20, 0x74, 0x61,
  0x72, 0x67, 0x65, 0x74, 0x3d, 0x30, 0x78, 0x25, 0x6c, 0x78, 0x20, 0x76,
  0x61, 0x6c, 0x75, 0x65, 0x3d, 0x30, 0x78, 0x25, 0x6c, 0x78, 0x00, 0x30,
  0x00, 0x47, 0x48, 0x4f, 0x53, 0x54, 0x5f, 0x57, 0x52, 0x49, 0x54, 0x45,
  0x5f, 0x57, 0x49, 0x4e, 0x44, 0x4f, 0x57, 0x00, 0x63, 0x79, 0x63, 0x6c,
  0x65, 0x20, 0x4e, 0x4f, 0x54, 0x20, 0x64, 0x65, 0x74, 0x65, 0x63, 0x74,
  0x65, 0x64, 0x00, 0x47, 0x48, 0x4f, 0x53, 0x54, 0x5f, 0x57, 0x52, 0x49,
  0x54, 0x45, 0x5f, 0x4c, 0x49, 0x53, 0x54, 0x20, 0x63, 0x6f, 0x6e, 0x74,
  0x61, 0x69, 0x6e, 0x65, 0x64, 0x20, 0x6e, 0x6f, 0x20, 0x77, 0x72, 0x69,
  0x74, 0x65, 0x73, 0x00, 0x65, 0x72, 0x72, 0x6f, 0x72, 0x3a, 0x20, 0x25,
  0x73, 0x00, 0x45, 0x44, 0x45, 0x41, 0x44, 0x4c, 0x4b, 0x20, 0x63, 0x6f,
  0x6e, 0x66, 0x69, 0x72, 0x6d, 0x65, 0x64, 0x00, 0x46, 0x41, 0x54, 0x41,
  0x4c, 0x3a, 0x20, 0x4b, 0x41, 0x53, 0x4c, 0x52, 0x20, 0x66, 0x61, 0x69,
  0x6c, 0x65, 0x64, 0x00, 0x67, 0x68, 0x6f, 0x73, 0x74, 0x20, 0x77, 0x72,
  0x69, 0x74, 0x65, 0x20, 0x62, 0x61, 0x74, 0x63, 0x68, 0x3a, 0x20, 0x6e,
  0x3d, 0x25, 0x7a, 0x75, 0x00, 0x00, 0x00, 0x00, 0x50, 0x00, 0x00, 0x00,
  0x60, 0x00, 0x00, 0x00, 0x70, 0x00, 0x00, 0x00, 0x80, 0x00, 0x00, 0x00,
  0x90, 0x00, 0x00, 0x00, 0xa0, 0x00, 0x00, 0x00, 0xb0, 0x00, 0x00, 0x00,
  0xc0, 0x00, 0x00, 0x00, 0xd0, 0x00, 0x00, 0x00, 0xe0, 0x00, 0x00, 0x00,
  0xf0, 0x00, 0x00, 0x00, 0x00, 0x01, 0x00, 0x00, 0x10, 0x01, 0x00, 0x00,
  0x20, 0x01, 0x00, 0x00, 0x30, 0x01, 0x00, 0x00, 0x40, 0x01, 0x00, 0x00,
  0x50, 0x01, 0x00, 0x00, 0x60, 0x01, 0x00, 0x00, 0x70, 0x01, 0x00, 0x00,
  0x80, 0x01, 0x00, 0x00, 0x90, 0x01, 0x00, 0x00, 0xa0, 0x01, 0x00, 0x00,
  0xb0, 0x01, 0x00, 0x00, 0xc0, 0x01, 0x00, 0x00, 0xd0, 0x01, 0x00, 0x00,
  0xe0, 0x01, 0x00, 0x00, 0xf0, 0x01, 0x00, 0x00, 0x00, 0x02, 0x00, 0x00,
  0x10, 0x02, 0x00, 0x00, 0x20, 0x02, 0x00, 0x00, 0x30, 0x02, 0x00, 0x00,
  0x40, 0x02, 0x00, 0x00, 0x50, 0x02, 0x00, 0x00, 0x60, 0x02, 0x00, 0x00,
  0x70, 0x02, 0x00, 0x00, 0x80, 0x02, 0x00, 0x00, 0x90, 0x02, 0x00, 0x00,
  0xa0, 0x02, 0x00, 0x00, 0xb0, 0x02, 0x00, 0x00, 0xc0, 0x02, 0x00, 0x00,
  0xd0, 0x02, 0x00, 0x00, 0xe0, 0x02, 0x00, 0x00, 0xf0, 0x02, 0x00, 0x00,
  0x00, 0x03, 0x00, 0x00, 0x10, 0x03, 0x00, 0x00, 0x20, 0x03, 0x00, 0x00,
  0x30, 0x03, 0x00, 0x00, 0x40, 0x03, 0x00, 0x00, 0x50, 0x03, 0x00, 0x00,
  0x60, 0x03, 0x00, 0x00, 0x70, 0x03, 0x00, 0x00, 0x80, 0x03, 0x00, 0x00,
  0x90, 0x03, 0x00, 0x00, 0xa0, 0x03, 0x00, 0x00, 0xb0, 0x03, 0x00, 0x00,
  0xc0, 0x03, 0x00, 0x00, 0xd0, 0x03, 0x00, 0x00, 0xe0, 0x03, 0x00, 0x00,
  0xf0, 0x03, 0x00, 0x00, 0x00, 0x04, 0x00, 0x00, 0x10, 0x04, 0x00, 0x00,
  0x20, 0x04, 0x00, 0x00, 0x30, 0x04, 0x00, 0x00, 0x40, 0x04, 0x00, 0x00,
  0x50, 0x04, 0x00, 0x00, 0x60, 0x04, 0x00, 0x00, 0x70, 0x04, 0x00, 0x00,
  0x80, 0x04, 0x00, 0x00, 0x90, 0x04, 0x00, 0x00, 0xa0, 0x04, 0x00, 0x00,
  0xb0, 0x04, 0x00, 0x00, 0xc0, 0x04, 0x00, 0x00, 0xd0, 0x04, 0x00, 0x00,
  0xe0, 0x04, 0x00, 0x00, 0xf0, 0x04, 0x00, 0x00, 0x00, 0x05, 0x00, 0x00,
  0x10, 0x05, 0x00, 0x00, 0x20, 0x05, 0x00, 0x00, 0x30, 0x05, 0x00, 0x00,
  0x40, 0x05, 0x00, 0x00, 0x50, 0x05, 0x00, 0x00, 0x60, 0x05, 0x00, 0x00,
  0x70, 0x05, 0x00, 0x00, 0x80, 0x05, 0x00, 0x00, 0x90, 0x05, 0x00, 0x00,
  0xa0, 0x05, 0x00, 0x00, 0xb0, 0x05, 0x00, 0x00, 0xc0, 0x05, 0x00, 0x00,
  0xd0, 0x05, 0x00, 0x00, 0xe0, 0x05, 0x00, 0x00, 0xf0, 0x05, 0x00, 0x00,
  0x00, 0x06, 0x00, 0x00, 0x10, 0x06, 0x00, 0x00, 0x20, 0x06, 0x00, 0x00,
  0x30, 0x06, 0x00, 0x00, 0x40, 0x06, 0x00, 0x00, 0x50, 0x06, 0x00, 0x00,
  0x60, 0x06, 0x00, 0x00, 0x70, 0x06, 0x00, 0x00, 0x80, 0x06, 0x00, 0x00,
  0x90, 0x06, 0x00, 0x00, 0xa0, 0x06, 0x00, 0x00, 0xb0, 0x06, 0x00, 0x00,
  0xc0, 0x06, 0x00, 0x00, 0xd0, 0x06, 0x00, 0x00, 0xe0, 0x06, 0x00, 0x00,
  0xf0, 0x06, 0x00, 0x00, 0x00, 0x07, 0x00, 0x00, 0x10, 0x07, 0x00, 0x00,
  0x20, 0x07, 0x00, 0x00, 0x30, 0x07, 0x00, 0x00, 0x40, 0x07, 0x00, 0x00,
  0x50, 0x07, 0x00, 0x00, 0x60, 0x07, 0x00, 0x00, 0x70, 0x07, 0x00, 0x00,
  0x80, 0x07, 0x00, 0x00, 0x90, 0x07, 0x00, 0x00, 0xa0, 0x07, 0x00, 0x00,
  0xb0, 0x07, 0x00, 0x00, 0xc0, 0x07, 0x00, 0x00, 0xd0, 0x07, 0x00, 0x00,
  0xe0, 0x07, 0x00, 0x00, 0xf0, 0x07, 0x00, 0x00, 0x00, 0x08, 0x00, 0x00,
  0x10, 0x08, 0x00, 0x00, 0x20, 0x08, 0x00, 0x00, 0x30, 0x08, 0x00, 0x00,
  0x40, 0x08, 0x00, 0x00, 0x50, 0x08, 0x00, 0x00, 0x60, 0x08, 0x00, 0x00,
  0x70, 0x08, 0x00, 0x00, 0x80, 0x08, 0x00, 0x00, 0x90, 0x08, 0x00, 0x00,
  0xa0, 0x08, 0x00, 0x00, 0xb0, 0x08, 0x00, 0x00, 0xc0, 0x08, 0x00, 0x00,
  0xd0, 0x08, 0x00, 0x00, 0xe0, 0x08, 0x00, 0x00, 0xf0, 0x08, 0x00, 0x00,
  0x00, 0x09, 0x00, 0x00, 0x10, 0x09, 0x00, 0x00, 0x20, 0x09, 0x00, 0x00,
  0x30, 0x09, 0x00, 0x00, 0x40, 0x09, 0x00, 0x00, 0x50, 0x09, 0x00, 0x00,
  0x60, 0x09, 0x00, 0x00, 0x70, 0x09, 0x00, 0x00, 0x80, 0x09, 0x00, 0x00,
  0x90, 0x09, 0x00, 0x00, 0xa0, 0x09, 0x00, 0x00, 0xb0, 0x09, 0x00, 0x00,
  0xc0, 0x09, 0x00, 0x00, 0xd0, 0x09, 0x00, 0x00, 0xe0, 0x09, 0x00, 0x00,
  0xf0, 0x09, 0x00, 0x00, 0x00, 0x0a, 0x00, 0x00, 0x10, 0x0a, 0x00, 0x00,
  0x20, 0x0a, 0x00, 0x00, 0x30, 0x0a, 0x00, 0x00, 0x40, 0x0a, 0x00, 0x00,
  0x50, 0x0a, 0x00, 0x00, 0x60, 0x0a, 0x00, 0x00, 0x70, 0x0a, 0x00, 0x00,
  0x80, 0x0a, 0x00, 0x00, 0x90, 0x0a, 0x00, 0x00, 0xa0, 0x0a, 0x00, 0x00,
  0xb0, 0x0a, 0x00, 0x00, 0xc0, 0x0a, 0x00, 0x00, 0xd0, 0x0a, 0x00, 0x00,
  0xe0, 0x0a, 0x00, 0x00, 0xf0, 0x0a, 0x00, 0x00, 0x00, 0x0b, 0x00, 0x00,
  0x10, 0x0b, 0x00, 0x00, 0x20, 0x0b, 0x00, 0x00, 0x30, 0x0b, 0x00, 0x00,
  0x40, 0x0b, 0x00, 0x00, 0x50, 0x0b, 0x00, 0x00, 0x60, 0x0b, 0x00, 0x00,
  0x70, 0x0b, 0x00, 0x00, 0x80, 0x0b, 0x00, 0x00, 0x90, 0x0b, 0x00, 0x00,
  0xa0, 0x0b, 0x00, 0x00, 0xb0, 0x0b, 0x00, 0x00, 0xc0, 0x0b, 0x00, 0x00,
  0xd0, 0x0b, 0x00, 0x00, 0xe0, 0x0b, 0x00, 0x00, 0xf0, 0x0b, 0x00, 0x00,
  0x00, 0x0c, 0x00, 0x00, 0x10, 0x0c, 0x00, 0x00, 0x20, 0x0c, 0x00, 0x00,
  0x30, 0x0c, 0x00, 0x00, 0x40, 0x0c, 0x00, 0x00, 0x50, 0x0c, 0x00, 0x00,
  0x60, 0x0c, 0x00, 0x00, 0x70, 0x0c, 0x00, 0x00, 0x80, 0x0c, 0x00, 0x00,
  0x90, 0x0c, 0x00, 0x00, 0xa0, 0x0c, 0x00, 0x00, 0xb0, 0x0c, 0x00, 0x00,
  0xc0, 0x0c, 0x00, 0x00, 0xd0, 0x0c, 0x00, 0x00, 0xe0, 0x0c, 0x00, 0x00,
  0xf0, 0x0c, 0x00, 0x00, 0x00, 0x0d, 0x00, 0x00, 0x10, 0x0d, 0x00, 0x00,
  0x20, 0x0d, 0x00, 0x00, 0x30, 0x0d, 0x00, 0x00, 0x40, 0x0d, 0x00, 0x00,
  0x50, 0x0d, 0x00, 0x00, 0x60, 0x0d, 0x00, 0x00, 0x70, 0x0d, 0x00, 0x00,
  0x80, 0x0d, 0x00, 0x00, 0x90, 0x0d, 0x00, 0x00, 0xa0, 0x0d, 0x00, 0x00,
  0xb0, 0x0d, 0x00, 0x00, 0xc0, 0x0d, 0x00, 0x00, 0xd0, 0x0d, 0x00, 0x00,
  0xe0, 0x0d, 0x00, 0x00, 0xf0, 0x0d, 0x00, 0x00, 0x00, 0x0e, 0x00, 0x00,
  0x10, 0x0e, 0x00, 0x00, 0x20, 0x0e, 0x00, 0x00, 0x30, 0x0e, 0x00, 0x00,
  0x40, 0x0e, 0x00, 0x00, 0x50, 0x0e, 0x00, 0x00, 0x60, 0x0e, 0x00, 0x00,
  0x70, 0x0e, 0x00, 0x00, 0x80, 0x0e, 0x00, 0x00, 0x90, 0x0e, 0x00, 0x00,
  0xa0, 0x0e, 0x00, 0x00, 0xb0, 0x0e, 0x00, 0x00, 0xc0, 0x0e, 0x00, 0x00,
  0xd0, 0x0e, 0x00, 0x00, 0xe0, 0x0e, 0x00, 0x00, 0xf0, 0x0e, 0x00, 0x00,
  0x00, 0x0f, 0x00, 0x00, 0x10, 0x0f, 0x00, 0x00, 0x20, 0x0f, 0x00, 0x00,
  0x30, 0x0f, 0x00, 0x00, 0x40, 0x0f, 0x00, 0x00, 0x50, 0x0f, 0x00, 0x00,
  0x60, 0x0f, 0x00, 0x00, 0x70, 0x0f, 0x00, 0x00, 0x80, 0x0f, 0x00, 0x00,
  0x90, 0x0f, 0x00, 0x00, 0xa0, 0x0f, 0x00, 0x00, 0xb0, 0x0f, 0x00, 0x00,
  0xc0, 0x0f, 0x00, 0x00, 0xd0, 0x0f, 0x00, 0x00, 0xe0, 0x0f, 0x00, 0x00,
  0xf0, 0x0f, 0x00, 0x00, 0x00, 0x10, 0x00, 0x00, 0x10, 0x10, 0x00, 0x00,
  0x20, 0x10, 0x00, 0x00, 0x30, 0x10, 0x00, 0x00, 0x40, 0x10, 0x00, 0x00,
  0x50, 0x10, 0x00, 0x00, 0x60, 0x10, 0x00, 0x00, 0x70, 0x10, 0x00, 0x00,
  0x80, 0x10, 0x00, 0x00, 0x90, 0x10, 0x00, 0x00, 0xa0, 0x10, 0x00, 0x00,
  0xb0, 0x10, 0x00, 0x00, 0xc0, 0x10, 0x00, 0x00, 0xd0, 0x10, 0x00, 0x00,
  0xe0, 0x10, 0x00, 0x00, 0xf0, 0x10, 0x00, 0x00, 0x00, 0x11, 0x00, 0x00,
  0x10, 0x11, 0x00, 0x00, 0x20, 0x11, 0x00, 0x00, 0x30, 0x11, 0x00, 0x00,
  0x40, 0x11, 0x00, 0x00, 0x50, 0x11, 0x00, 0x00, 0x60, 0x11, 0x00, 0x00,
  0x70, 0x11, 0x00, 0x00, 0x80, 0x11, 0x00, 0x00, 0x90, 0x11, 0x00, 0x00,
  0xa0, 0x11, 0x00, 0x00, 0xb0, 0x11, 0x00, 0x00, 0xc0, 0x11, 0x00, 0x00,
  0xd0, 0x11, 0x00, 0x00, 0xe0, 0x11, 0x00, 0x00, 0xf0, 0x11, 0x00, 0x00,
  0x00, 0x12, 0x00, 0x00, 0x10, 0x12, 0x00, 0x00, 0x20, 0x12, 0x00, 0x00,
  0x30, 0x12, 0x00, 0x00, 0x40, 0x12, 0x00, 0x00, 0x50, 0x12, 0x00, 0x00,
  0x60, 0x12, 0x00, 0x00, 0x70, 0x12, 0x00, 0x00, 0x80, 0x12, 0x00, 0x00,
  0x90, 0x12, 0x00, 0x00, 0xa0, 0x12, 0x00, 0x00, 0xb0, 0x12, 0x00, 0x00,
  0xc0, 0x12, 0x00, 0x00, 0xd0, 0x12, 0x00, 0x00, 0xe0, 0x12, 0x00, 0x00,
  0xf0, 0x12, 0x00, 0x00, 0x00, 0x13, 0x00, 0x00, 0x10, 0x13, 0x00, 0x00,
  0x20, 0x13, 0x00, 0x00, 0x30, 0x13, 0x00, 0x00, 0x40, 0x13, 0x00, 0x00,
  0x50, 0x13, 0x00, 0x00, 0x60, 0x13, 0x00, 0x00, 0x70, 0x13, 0x00, 0x00,
  0x80, 0x13, 0x00, 0x00, 0x90, 0x13, 0x00, 0x00, 0xa0, 0x13, 0x00, 0x00,
  0xb0, 0x13, 0x00, 0x00, 0xc0, 0x13, 0x00, 0x00, 0xd0, 0x13, 0x00, 0x00,
  0xe0, 0x13, 0x00, 0x00, 0xf0, 0x13, 0x00, 0x00, 0x00, 0x14, 0x00, 0x00,
  0x10, 0x14, 0x00, 0x00, 0x20, 0x14, 0x00, 0x00, 0x30, 0x14, 0x00, 0x00,
  0x40, 0x14, 0x00, 0x00, 0x50, 0x14, 0x00, 0x00, 0x60, 0x14, 0x00, 0x00,
  0x70, 0x14, 0x00, 0x00, 0x80, 0x14, 0x00, 0x00, 0x90, 0x14, 0x00, 0x00,
  0xa0, 0x14, 0x00, 0x00, 0xb0, 0x14, 0x00, 0x00, 0xc0, 0x14, 0x00, 0x00,
  0xd0, 0x14, 0x00, 0x00, 0xe0, 0x14, 0x00, 0x00, 0xf0, 0x14, 0x00, 0x00,
  0x00, 0x15, 0x00, 0x00, 0x10, 0x15, 0x00, 0x00, 0x20, 0x15, 0x00, 0x00,
  0x30, 0x15, 0x00, 0x00, 0x40, 0x15, 0x00, 0x00, 0x50, 0x15, 0x00, 0x00,
  0x60, 0x15, 0x00, 0x00, 0x70, 0x15, 0x00, 0x00, 0x80, 0x15, 0x00, 0x00,
  0x90, 0x15, 0x00, 0x00, 0xa0, 0x15, 0x00, 0x00, 0xb0, 0x15, 0x00, 0x00,
  0xc0, 0x15, 0x00, 0x00, 0xd0, 0x15, 0x00, 0x00, 0xe0, 0x15, 0x00, 0x00,
  0xf0, 0x15, 0x00, 0x00, 0x00, 0x16, 0x00, 0x00, 0x10, 0x16, 0x00, 0x00,
  0x20, 0x16, 0x00, 0x00, 0x30, 0x16, 0x00, 0x00, 0x40, 0x16, 0x00, 0x00,
  0x50, 0x16, 0x00, 0x00, 0x60, 0x16, 0x00, 0x00, 0x70, 0x16, 0x00, 0x00,
  0x80, 0x16, 0x00, 0x00, 0x90, 0x16, 0x00, 0x00, 0xa0, 0x16, 0x00, 0x00,
  0xb0, 0x16, 0x00, 0x00, 0xc0, 0x16, 0x00, 0x00, 0xd0, 0x16, 0x00, 0x00,
  0xe0, 0x16, 0x00, 0x00, 0xf0, 0x16, 0x00, 0x00, 0x00, 0x17, 0x00, 0x00,
  0x10, 0x17, 0x00, 0x00, 0x20, 0x17, 0x00, 0x00, 0x30, 0x17, 0x00, 0x00,
  0x40, 0x17, 0x00, 0x00, 0x50, 0x17, 0x00, 0x00, 0x60, 0x17, 0x00, 0x00,
  0x70, 0x17, 0x00, 0x00, 0x80, 0x17, 0x00, 0x00, 0x90, 0x17, 0x00, 0x00,
  0xa0, 0x17, 0x00, 0x00, 0xb0, 0x17, 0x00, 0x00, 0xc0, 0x17, 0x00, 0x00,
  0xd0, 0x17, 0x00, 0x00, 0xe0, 0x17, 0x00, 0x00, 0xf0, 0x17, 0x00, 0x00,
  0x00, 0x18, 0x00, 0x00, 0x10, 0x18, 0x00, 0x00, 0x20, 0x18, 0x00, 0x00,
  0x30, 0x18, 0x00, 0x00, 0x40, 0x18, 0x00, 0x00, 0x50, 0x18, 0x00, 0x00,
  0x60, 0x18, 0x00, 0x00, 0x70, 0x18, 0x00, 0x00, 0x80, 0x18, 0x00, 0x00,
  0x90, 0x18, 0x00, 0x00, 0xa0, 0x18, 0x00, 0x00, 0xb0, 0x18, 0x00, 0x00,
  0xc0, 0x18, 0x00, 0x00, 0xd0, 0x18, 0x00, 0x00, 0xe0, 0x18, 0x00, 0x00,
  0xf0, 0x18, 0x00, 0x00, 0x00, 0x19, 0x00, 0x00, 0x10, 0x19, 0x00, 0x00,
  0x20, 0x19, 0x00, 0x00, 0x30, 0x19, 0x00, 0x00, 0x40, 0x19, 0x00, 0x00,
  0x50, 0x19, 0x00, 0x00, 0x60, 0x19, 0x00, 0x00, 0x70, 0x19, 0x00, 0x00,
  0x80, 0x19, 0x00, 0x00, 0x90, 0x19, 0x00, 0x00, 0xa0, 0x19, 0x00, 0x00,
  0xb0, 0x19, 0x00, 0x00, 0xc0, 0x19, 0x00, 0x00, 0xd0, 0x19, 0x00, 0x00,
  0xe0, 0x19, 0x00, 0x00, 0xf0, 0x19, 0x00, 0x00, 0x00, 0x1a, 0x00, 0x00,
  0x10, 0x1a, 0x00, 0x00, 0x20, 0x1a, 0x00, 0x00, 0x30, 0x1a, 0x00, 0x00,
  0x40, 0x1a, 0x00, 0x00, 0x50, 0x1a, 0x00, 0x00, 0x60, 0x1a, 0x00, 0x00,
  0x70, 0x1a, 0x00, 0x00, 0x80, 0x1a, 0x00, 0x00, 0x90, 0x1a, 0x00, 0x00,
  0xa0, 0x1a, 0x00, 0x00, 0xb0, 0x1a, 0x00, 0x00, 0xc0, 0x1a, 0x00, 0x00,
  0xd0, 0x1a, 0x00, 0x00, 0xe0, 0x1a, 0x00, 0x00, 0xf0, 0x1a, 0x00, 0x00,
  0x00, 0x1b, 0x00, 0x00, 0x10, 0x1b, 0x00, 0x00, 0x20, 0x1b, 0x00, 0x00,
  0x30, 0x1b, 0x00, 0x00, 0x40, 0x1b, 0x00, 0x00, 0x50, 0x1b, 0x00, 0x00,
  0x60, 0x1b, 0x00, 0x00, 0x70, 0x1b, 0x00, 0x00, 0x80, 0x1b, 0x00, 0x00,
  0x90, 0x1b, 0x00, 0x00, 0xa0, 0x1b, 0x00, 0x00, 0xb0, 0x1b, 0x00, 0x00,
  0xc0, 0x1b, 0x00, 0x00, 0xd0, 0x1b, 0x00, 0x00, 0xe0, 0x1b, 0x00, 0x00,
  0xf0, 0x1b, 0x00, 0x00, 0x00, 0x1c, 0x00, 0x00, 0x10, 0x1c, 0x00, 0x00,
  0x20, 0x1c, 0x00, 0x00, 0x30, 0x1c, 0x00, 0x00, 0x40, 0x1c, 0x00, 0x00,
  0x50, 0x1c, 0x00, 0x00, 0x60, 0x1c, 0x00, 0x00, 0x70, 0x1c, 0x00, 0x00,
  0x80, 0x1c, 0x00, 0x00, 0x90, 0x1c, 0x00, 0x00, 0xa0, 0x1c, 0x00, 0x00,
  0xb0, 0x1c, 0x00, 0x00, 0xc0, 0x1c, 0x00, 0x00, 0xd0, 0x1c, 0x00, 0x00,
  0xe0, 0x1c, 0x00, 0x00, 0xf0, 0x1c, 0x00, 0x00, 0x00, 0x1d, 0x00, 0x00,
  0x10, 0x1d, 0x00, 0x00, 0x20, 0x1d, 0x00, 0x00, 0x30, 0x1d, 0x00, 0x00,
  0x40, 0x1d, 0x00, 0x00, 0x50, 0x1d, 0x00, 0x00, 0x60, 0x1d, 0x00, 0x00,
  0x70, 0x1d, 0x00, 0x00, 0x80, 0x1d, 0x00, 0x00, 0x90, 0x1d, 0x00, 0x00,
  0xa0, 0x1d, 0x00, 0x00, 0xb0, 0x1d, 0x00, 0x00, 0xc0, 0x1d, 0x00, 0x00,
  0xd0, 0x1d, 0x00, 0x00, 0xe0, 0x1d, 0x00, 0x00, 0xf0, 0x1d, 0x00, 0x00,
  0x00, 0x1e, 0x00, 0x00, 0x10, 0x1e, 0x00, 0x00, 0x20, 0x1e, 0x00, 0x00,
  0x30, 0x1e, 0x00, 0x00, 0x40, 0x1e, 0x00, 0x00, 0x50, 0x1e, 0x00, 0x00,
  0x60, 0x1e, 0x00, 0x00, 0x70, 0x1e, 0x00, 0x00, 0x80, 0x1e, 0x00, 0x00,
  0x90, 0x1e, 0x00, 0x00, 0xa0, 0x1e, 0x00, 0x00, 0xb0, 0x1e, 0x00, 0x00,
  0xc0, 0x1e, 0x00, 0x00, 0xd0, 0x1e, 0x00, 0x00, 0xe0, 0x1e, 0x00, 0x00,
  0xf0, 0x1e, 0x00, 0x00, 0x00, 0x1f, 0x00, 0x00, 0x10, 0x1f, 0x00, 0x00,
  0x20, 0x1f, 0x00, 0x00, 0x30, 0x1f, 0x00, 0x00, 0x40, 0x1f, 0x00, 0x00,
  0x50, 0x1f, 0x00, 0x00, 0x60, 0x1f, 0x00, 0x00, 0x70, 0x1f, 0x00, 0x00,
  0x80, 0x1f, 0x00, 0x00, 0x90, 0x1f, 0x00, 0x00, 0xa0, 0x1f, 0x00, 0x00,
  0xb0, 0x1f, 0x00, 0x00, 0xc0, 0x1f, 0x00, 0x00, 0xd0, 0x1f, 0x00, 0x00,
  0xe0, 0x1f, 0x00, 0x00, 0xf0, 0x1f, 0x00, 0x00, 0x00, 0x20, 0x00, 0x00,
  0x10, 0x20, 0x00, 0x00, 0x20, 0x20, 0x00, 0x00, 0x30, 0x20, 0x00, 0x00,
  0x40, 0x20, 0x00, 0x00, 0x50, 0x20, 0x00, 0x00, 0x60, 0x20, 0x00, 0x00,
  0x70, 0x20, 0x00, 0x00, 0x80, 0x20, 0x00, 0x00, 0x90, 0x20, 0x00, 0x00,
  0xa0, 0x20, 0x00, 0x00, 0xb0, 0x20, 0x00, 0x00, 0xc0, 0x20, 0x00, 0x00,
  0xd0, 0x20, 0x00, 0x00, 0xe0, 0x20, 0x00, 0x00, 0xf0, 0x20, 0x00, 0x00,
  0x00, 0x21, 0x00, 0x00, 0x10, 0x21, 0x00, 0x00, 0x20, 0x21, 0x00, 0x00,
  0x30, 0x21, 0x00, 0x00, 0x40, 0x21, 0x00, 0x00, 0x50, 0x21, 0x00, 0x00,
  0x60, 0x21, 0x00, 0x00, 0x70, 0x21, 0x00, 0x00, 0x80, 0x21, 0x00, 0x00,
  0x90, 0x21, 0x00, 0x00, 0xa0, 0x21, 0x00, 0x00, 0xb0, 0x21, 0x00, 0x00,
  0xc0, 0x21, 0x00, 0x00, 0xd0, 0x21, 0x00, 0x00, 0xe0, 0x21, 0x00, 0x00,
  0xf0, 0x21, 0x00, 0x00, 0x00, 0x22, 0x00, 0x00, 0x10, 0x22, 0x00, 0x00,
  0x20, 0x22, 0x00, 0x00, 0x30, 0x22, 0x00, 0x00, 0x40, 0x22, 0x00, 0x00,
  0x50, 0x22, 0x00, 0x00, 0x60, 0x22, 0x00, 0x00, 0x70, 0x22, 0x00, 0x00,
  0x80, 0x22, 0x00, 0x00, 0x90, 0x22, 0x00, 0x00, 0xa0, 0x22, 0x00, 0x00,
  0xb0, 0x22, 0x00, 0x00, 0xc0, 0x22, 0x00, 0x00, 0xd0, 0x22, 0x00, 0x00,
  0xe0, 0x22, 0x00, 0x00, 0xf0, 0x22, 0x00, 0x00, 0x00, 0x23, 0x00, 0x00,
  0x10, 0x23, 0x00, 0x00, 0x20, 0x23, 0x00, 0x00, 0x30, 0x23, 0x00, 0x00,
  0x40, 0x23, 0x00, 0x00, 0x50, 0x23, 0x00, 0x00, 0x60, 0x23, 0x00, 0x00,
  0x70, 0x23, 0x00, 0x00, 0x80, 0x23, 0x00, 0x00, 0x90, 0x23, 0x00, 0x00,
  0xa0, 0x23, 0x00, 0x00, 0xb0, 0x23, 0x00, 0x00, 0xc0, 0x23, 0x00, 0x00,
  0xd0, 0x23, 0x00, 0x00, 0xe0, 0x23, 0x00, 0x00, 0xf0, 0x23, 0x00, 0x00,
  0x00, 0x24, 0x00, 0x00, 0x10, 0x24, 0x00, 0x00, 0x20, 0x24, 0x00, 0x00,
  0x30, 0x24, 0x00, 0x00, 0x40, 0x24, 0x00, 0x00, 0x50, 0x24, 0x00, 0x00,
  0x60, 0x24, 0x00, 0x00, 0x70, 0x24, 0x00, 0x00, 0x80, 0x24, 0x00, 0x00,
  0x90, 0x24, 0x00, 0x00, 0xa0, 0x24, 0x00, 0x00, 0xb0, 0x24, 0x00, 0x00,
  0xc0, 0x24, 0x00, 0x00, 0xd0, 0x24, 0x00, 0x00, 0xe0, 0x24, 0x00, 0x00,
  0xf0, 0x24, 0x00, 0x00, 0x00, 0x25, 0x00, 0x00, 0x10, 0x25, 0x00, 0x00,
  0x20, 0x25, 0x00, 0x00, 0x30, 0x25, 0x00, 0x00, 0x40, 0x25, 0x00, 0x00,
  0x50, 0x25, 0x00, 0x00, 0x60, 0x25, 0x00, 0x00, 0x70, 0x25, 0x00, 0x00,
  0x80, 0x25, 0x00, 0x00, 0x90, 0x25, 0x00, 0x00, 0xa0, 0x25, 0x00, 0x00,
  0xb0, 0x25, 0x00, 0x00, 0xc0, 0x25, 0x00, 0x00, 0xd0, 0x25, 0x00, 0x00,
  0xe0, 0x25, 0x00, 0x00, 0xf0, 0x25, 0x00, 0x00, 0x00, 0x26, 0x00, 0x00,
  0x10, 0x26, 0x00, 0x00, 0x20, 0x26, 0x00, 0x00, 0x30, 0x26, 0x00, 0x00,
  0x40, 0x26, 0x00, 0x00, 0x50, 0x26, 0x00, 0x00, 0x60, 0x26, 0x00, 0x00,
  0x70, 0x26, 0x00, 0x00, 0x80, 0x26, 0x00, 0x00, 0x90, 0x26, 0x00, 0x00,
  0xa0, 0x26, 0x00, 0x00, 0xb0, 0x26, 0x00, 0x00, 0xc0, 0x26, 0x00, 0x00,
  0xd0, 0x26, 0x00, 0x00, 0xe0, 0x26, 0x00, 0x00, 0xf0, 0x26, 0x00, 0x00,
  0x00, 0x27, 0x00, 0x00, 0x10, 0x27, 0x00, 0x00, 0x20, 0x27, 0x00, 0x00,
  0x30, 0x27, 0x00, 0x00, 0x40, 0x27, 0x00, 0x00, 0x50, 0x27, 0x00, 0x00,
  0x60, 0x27, 0x00, 0x00, 0x70, 0x27, 0x00, 0x00, 0x80, 0x27, 0x00, 0x00,
  0x90, 0x27, 0x00, 0x00, 0xa0, 0x27, 0x00, 0x00, 0xb0, 0x27, 0x00, 0x00,
  0xc0, 0x27, 0x00, 0x00, 0xd0, 0x27, 0x00, 0x00, 0xe0, 0x27, 0x00, 0x00,
  0xf0, 0x27, 0x00, 0x00, 0x00, 0x28, 0x00, 0x00, 0x10, 0x28, 0x00, 0x00,
  0x20, 0x28, 0x00, 0x00, 0x30, 0x28, 0x00, 0x00, 0x40, 0x28, 0x00, 0x00,
  0x50, 0x28, 0x00, 0x00, 0x60, 0x28, 0x00, 0x00, 0x70, 0x28, 0x00, 0x00,
  0x80, 0x28, 0x00, 0x00, 0x90, 0x28, 0x00, 0x00, 0xa0, 0x28, 0x00, 0x00,
  0xb0, 0x28, 0x00, 0x00, 0xc0, 0x28, 0x00, 0x00, 0xd0, 0x28, 0x00, 0x00,
  0xe0, 0x28, 0x00, 0x00, 0xf0, 0x28, 0x00, 0x00, 0x00, 0x29, 0x00, 0x00,
  0x10, 0x29, 0x00, 0x00, 0x20, 0x29, 0x00, 0x00, 0x30, 0x29, 0x00, 0x00,
  0x40, 0x29, 0x00, 0x00, 0x50, 0x29, 0x00, 0x00, 0x60, 0x29, 0x00, 0x00,
  0x70, 0x29, 0x00, 0x00, 0x80, 0x29, 0x00, 0x00, 0x90, 0x29, 0x00, 0x00,
  0xa0, 0x29, 0x00, 0x00, 0xb0, 0x29, 0x00, 0x00, 0xc0, 0x29, 0x00, 0x00,
  0xd0, 0x29, 0x00, 0x00, 0xe0, 0x29, 0x00, 0x00, 0xf0, 0x29, 0x00, 0x00,
  0x00, 0x2a, 0x00, 0x00, 0x10, 0x2a, 0x00, 0x00, 0x20, 0x2a, 0x00, 0x00,
  0x30, 0x2a, 0x00, 0x00, 0x40, 0x2a, 0x00, 0x00, 0x50, 0x2a, 0x00, 0x00,
  0x60, 0x2a, 0x00, 0x00, 0x70, 0x2a, 0x00, 0x00, 0x80, 0x2a, 0x00, 0x00,
  0x90, 0x2a, 0x00, 0x00, 0xa0, 0x2a, 0x00, 0x00, 0xb0, 0x2a, 0x00, 0x00,
  0xc0, 0x2a, 0x00, 0x00, 0xd0, 0x2a, 0x00, 0x00, 0xe0, 0x2a, 0x00, 0x00,
  0xf0, 0x2a, 0x00, 0x00, 0x00, 0x2b, 0x00, 0x00, 0x10, 0x2b, 0x00, 0x00,
  0x20, 0x2b, 0x00, 0x00, 0x30, 0x2b, 0x00, 0x00, 0x40, 0x2b, 0x00, 0x00,
  0x50, 0x2b, 0x00, 0x00, 0x60, 0x2b, 0x00, 0x00, 0x70, 0x2b, 0x00, 0x00,
  0x80, 0x2b, 0x00, 0x00, 0x90, 0x2b, 0x00, 0x00, 0xa0, 0x2b, 0x00, 0x00,
  0xb0, 0x2b, 0x00, 0x00, 0xc0, 0x2b, 0x00, 0x00, 0xd0, 0x2b, 0x00, 0x00,
  0xe0, 0x2b, 0x00, 0x00, 0xf0, 0x2b, 0x00, 0x00, 0x00, 0x2c, 0x00, 0x00,
  0x10, 0x2c, 0x00, 0x00, 0x20, 0x2c, 0x00, 0x00, 0x30, 0x2c, 0x00, 0x00,
  0x40, 0x2c, 0x00, 0x00, 0x50, 0x2c, 0x00, 0x00, 0x60, 0x2c, 0x00, 0x00,
  0x70, 0x2c, 0x00, 0x00, 0x80, 0x2c, 0x00, 0x00, 0x90, 0x2c, 0x00, 0x00,
  0xa0, 0x2c, 0x00, 0x00, 0xb0, 0x2c, 0x00, 0x00, 0xc0, 0x2c, 0x00, 0x00,
  0xd0, 0x2c, 0x00, 0x00, 0xe0, 0x2c, 0x00, 0x00, 0xf0, 0x2c, 0x00, 0x00,
  0x00, 0x2d, 0x00, 0x00, 0x10, 0x2d, 0x00, 0x00, 0x20, 0x2d, 0x00, 0x00,
  0x30, 0x2d, 0x00, 0x00, 0x40, 0x2d, 0x00, 0x00, 0x50, 0x2d, 0x00, 0x00,
  0x60, 0x2d, 0x00, 0x00, 0x70, 0x2d, 0x00, 0x00, 0x80, 0x2d, 0x00, 0x00,
  0x90, 0x2d, 0x00, 0x00, 0xa0, 0x2d, 0x00, 0x00, 0xb0, 0x2d, 0x00, 0x00,
  0xc0, 0x2d, 0x00, 0x00, 0xd0, 0x2d, 0x00, 0x00, 0xe0, 0x2d, 0x00, 0x00,
  0xf0, 0x2d, 0x00, 0x00, 0x00, 0x2e, 0x00, 0x00, 0x10, 0x2e, 0x00, 0x00,
  0x20, 0x2e, 0x00, 0x00, 0x30, 0x2e, 0x00, 0x00, 0x40, 0x2e, 0x00, 0x00,
  0x50, 0x2e, 0x00, 0x00, 0x60, 0x2e, 0x00, 0x00, 0x70, 0x2e, 0x00, 0x00,
  0x80, 0x2e, 0x00, 0x00, 0x90, 0x2e, 0x00, 0x00, 0xa0, 0x2e, 0x00, 0x00,
  0xb0, 0x2e, 0x00, 0x00, 0xc0, 0x2e, 0x00, 0x00, 0xd0, 0x2e, 0x00, 0x00,
  0xe0, 0x2e, 0x00, 0x00, 0xf0, 0x2e, 0x00, 0x00, 0x00, 0x2f, 0x00, 0x00,
  0x10, 0x2f, 0x00, 0x00, 0x20, 0x2f, 0x00, 0x00, 0x30, 0x2f, 0x00, 0x00,
  0x40, 0x2f, 0x00, 0x00, 0x50, 0x2f, 0x00, 0x00, 0x60, 0x2f, 0x00, 0x00,
  0x70, 0x2f, 0x00, 0x00, 0x80, 0x2f, 0x00, 0x00, 0x90, 0x2f, 0x00, 0x00,
  0xa0, 0x2f, 0x00, 0x00, 0xb0, 0x2f, 0x00, 0x00, 0xc0, 0x2f, 0x00, 0x00,
  0xd0, 0x2f, 0x00, 0x00, 0xe0, 0x2f, 0x00, 0x00, 0xf0, 0x2f, 0x00, 0x00,
  0x00, 0x30, 0x00, 0x00, 0x10, 0x30, 0x00, 0x00, 0x20, 0x30, 0x00, 0x00,
  0x30, 0x30, 0x00, 0x00, 0x40, 0x30, 0x00, 0x00, 0x50, 0x30, 0x00, 0x00,
  0x60, 0x30, 0x00, 0x00, 0x70, 0x30, 0x00, 0x00, 0x80, 0x30, 0x00, 0x00,
  0x90, 0x30, 0x00, 0x00, 0xa0, 0x30, 0x00, 0x00, 0xb0, 0x30, 0x00, 0x00,
  0xc0, 0x30, 0x00, 0x00, 0xd0, 0x30, 0x00, 0x00, 0xe0, 0x30, 0x00, 0x00,
  0xf0, 0x30, 0x00, 0x00, 0x00, 0x31, 0x00, 0x00, 0x10, 0x31, 0x00, 0x00,
  0x20, 0x31, 0x00, 0x00, 0x30, 0x31, 0x00, 0x00, 0x40, 0x31, 0x00, 0x00,
  0x50, 0x31, 0x00, 0x00, 0x60, 0x31, 0x00, 0x00, 0x70, 0x31, 0x00, 0x00,
  0x80, 0x31, 0x00, 0x00, 0x90, 0x31, 0x00, 0x00, 0xa0, 0x31, 0x00, 0x00,
  0xb0, 0x31, 0x00, 0x00, 0xc0, 0x31, 0x00, 0x00, 0xd0, 0x31, 0x00, 0x00,
  0xe0, 0x31, 0x00, 0x00, 0xf0, 0x31, 0x00, 0x00, 0x00, 0x32, 0x00, 0x00,
  0x10, 0x32, 0x00, 0x00, 0x20, 0x32, 0x00, 0x00, 0x30, 0x32, 0x00, 0x00,
  0x40, 0x32, 0x00, 0x00, 0x50, 0x32, 0x00, 0x00, 0x60, 0x32, 0x00, 0x00,
  0x70, 0x32, 0x00, 0x00, 0x80, 0x32, 0x00, 0x00, 0x90, 0x32, 0x00, 0x00,
  0xa0, 0x32, 0x00, 0x00, 0xb0, 0x32, 0x00, 0x00, 0xc0, 0x32, 0x00, 0x00,
  0xd0, 0x32, 0x00, 0x00, 0xe0, 0x32, 0x00, 0x00, 0xf0, 0x32, 0x00, 0x00,
  0x00, 0x33, 0x00, 0x00, 0x10, 0x33, 0x00, 0x00, 0x20, 0x33, 0x00, 0x00,
  0x30, 0x33, 0x00, 0x00, 0x40, 0x33, 0x00, 0x00, 0x50, 0x33, 0x00, 0x00,
  0x60, 0x33, 0x00, 0x00, 0x70, 0x33, 0x00, 0x00, 0x80, 0x33, 0x00, 0x00,
  0x90, 0x33, 0x00, 0x00, 0xa0, 0x33, 0x00, 0x00, 0xb0, 0x33, 0x00, 0x00,
  0xc0, 0x33, 0x00, 0x00, 0xd0, 0x33, 0x00, 0x00, 0xe0, 0x33, 0x00, 0x00,
  0xf0, 0x33, 0x00, 0x00, 0x00, 0x34, 0x00, 0x00, 0x10, 0x34, 0x00, 0x00,
  0x20, 0x34, 0x00, 0x00, 0x30, 0x34, 0x00, 0x00, 0x40, 0x34, 0x00, 0x00,
  0x50, 0x34, 0x00, 0x00, 0x60, 0x34, 0x00, 0x00, 0x70, 0x34, 0x00, 0x00,
  0x80, 0x34, 0x00, 0x00, 0x90, 0x34, 0x00, 0x00, 0xa0, 0x34, 0x00, 0x00,
  0xb0, 0x34, 0x00, 0x00, 0xc0, 0x34, 0x00, 0x00, 0xd0, 0x34, 0x00, 0x00,
  0xe0, 0x34, 0x00, 0x00, 0xf0, 0x34, 0x00, 0x00, 0x00, 0x35, 0x00, 0x00,
  0x10, 0x35, 0x00, 0x00, 0x20, 0x35, 0x00, 0x00, 0x30, 0x35, 0x00, 0x00,
  0x40, 0x35, 0x00, 0x00, 0x50, 0x35, 0x00, 0x00, 0x60, 0x35, 0x00, 0x00,
  0x70, 0x35, 0x00, 0x00, 0x80, 0x35, 0x00, 0x00, 0x90, 0x35, 0x00, 0x00,
  0xa0, 0x35, 0x00, 0x00, 0xb0, 0x35, 0x00, 0x00, 0xc0, 0x35, 0x00, 0x00,
  0xd0, 0x35, 0x00, 0x00, 0xe0, 0x35, 0x00, 0x00, 0xf0, 0x35, 0x00, 0x00,
  0x00, 0x36, 0x00, 0x00, 0x10, 0x36, 0x00, 0x00, 0x20, 0x36, 0x00, 0x00,
  0x30, 0x36, 0x00, 0x00, 0x40, 0x36, 0x00, 0x00, 0x50, 0x36, 0x00, 0x00,
  0x60, 0x36, 0x00, 0x00, 0x70, 0x36, 0x00, 0x00, 0x80, 0x36, 0x00, 0x00,
  0x90, 0x36, 0x00, 0x00, 0xa0, 0x36, 0x00, 0x00, 0xb0, 0x36, 0x00, 0x00,
  0xc0, 0x36, 0x00, 0x00, 0xd0, 0x36, 0x00, 0x00, 0xe0, 0x36, 0x00, 0x00,
  0xf0, 0x36, 0x00, 0x00, 0x00, 0x37, 0x00, 0x00, 0x10, 0x37, 0x00, 0x00,
  0x20, 0x37, 0x00, 0x00, 0x30, 0x37, 0x00, 0x00, 0x40, 0x37, 0x00, 0x00,
  0x50, 0x37, 0x00, 0x00, 0x60, 0x37, 0x00, 0x00, 0x70, 0x37, 0x00, 0x00,
  0x80, 0x37, 0x00, 0x00, 0x90, 0x37, 0x00, 0x00, 0xa0, 0x37, 0x00, 0x00,
  0xb0, 0x37, 0x00, 0x00, 0xc0, 0x37, 0x00, 0x00, 0xd0, 0x37, 0x00, 0x00,
  0xe0, 0x37, 0x00, 0x00, 0xf0, 0x37, 0x00, 0x00, 0x00, 0x38, 0x00, 0x00,
  0x10, 0x38, 0x00, 0x00, 0x20, 0x38, 0x00, 0x00, 0x30, 0x38, 0x00, 0x00,
  0x40, 0x38, 0x00, 0x00, 0x50, 0x38, 0x00, 0x00, 0x60, 0x38, 0x00, 0x00,
  0x70, 0x38, 0x00, 0x00, 0x80, 0x38, 0x00, 0x00, 0x90, 0x38, 0x00, 0x00,
  0xa0, 0x38, 0x00, 0x00, 0xb0, 0x38, 0x00, 0x00, 0xc0, 0x38, 0x00, 0x00,
  0xd0, 0x38, 0x00, 0x00, 0xe0, 0x38, 0x00, 0x00, 0xf0, 0x38, 0x00, 0x00,
  0x00, 0x39, 0x00, 0x00, 0x10, 0x39, 0x00, 0x00, 0x20, 0x39, 0x00, 0x00,
  0x30, 0x39, 0x00, 0x00, 0x40, 0x39, 0x00, 0x00, 0x50, 0x39, 0x00, 0x00,
  0x60, 0x39, 0x00, 0x00, 0x70, 0x39, 0x00, 0x00, 0x80, 0x39, 0x00, 0x00,
  0x90, 0x39, 0x00, 0x00, 0xa0, 0x39, 0x00, 0x00, 0xb0, 0x39, 0x00, 0x00,
  0xc0, 0x39, 0x00, 0x00, 0xd0, 0x39, 0x00, 0x00, 0xe0, 0x39, 0x00, 0x00,
  0xf0, 0x39, 0x00, 0x00, 0x00, 0x3a, 0x00, 0x00, 0x10, 0x3a, 0x00, 0x00,
  0x20, 0x3a, 0x00, 0x00, 0x30, 0x3a, 0x00, 0x00, 0x40, 0x3a, 0x00, 0x00,
  0x50, 0x3a, 0x00, 0x00, 0x60, 0x3a, 0x00, 0x00, 0x70, 0x3a, 0x00, 0x00,
  0x80, 0x3a, 0x00, 0x00, 0x90, 0x3a, 0x00, 0x00, 0xa0, 0x3a, 0x00, 0x00,
  0xb0, 0x3a, 0x00, 0x00, 0xc0, 0x3a, 0x00, 0x00, 0xd0, 0x3a, 0x00, 0x00,
  0xe0, 0x3a, 0x00, 0x00, 0xf0, 0x3a, 0x00, 0x00, 0x00, 0x3b, 0x00, 0x00,
  0x10, 0x3b, 0x00, 0x00, 0x20, 0x3b, 0x00, 0x00, 0x30, 0x3b, 0x00, 0x00,
  0x40, 0x3b, 0x00, 0x00, 0x50, 0x3b, 0x00, 0x00, 0x60, 0x3b, 0x00, 0x00,
  0x70, 0x3b, 0x00, 0x00, 0x80, 0x3b, 0x00, 0x00, 0x90, 0x3b, 0x00, 0x00,
  0xa0, 0x3b, 0x00, 0x00, 0xb0, 0x3b, 0x00, 0x00, 0xc0, 0x3b, 0x00, 0x00,
  0xd0, 0x3b, 0x00, 0x00, 0xe0, 0x3b, 0x00, 0x00, 0xf0, 0x3b, 0x00, 0x00,
  0x00, 0x3c, 0x00, 0x00, 0x10, 0x3c, 0x00, 0x00, 0x20, 0x3c, 0x00, 0x00,
  0x30, 0x3c, 0x00, 0x00, 0x40, 0x3c, 0x00, 0x00, 0x50, 0x3c, 0x00, 0x00,
  0x60, 0x3c, 0x00, 0x00, 0x70, 0x3c, 0x00, 0x00, 0x80, 0x3c, 0x00, 0x00,
  0x90, 0x3c, 0x00, 0x00, 0xa0, 0x3c, 0x00, 0x00, 0xb0, 0x3c, 0x00, 0x00,
  0xc0, 0x3c, 0x00, 0x00, 0xd0, 0x3c, 0x00, 0x00, 0xe0, 0x3c, 0x00, 0x00,
  0xf0, 0x3c, 0x00, 0x00, 0x00, 0x3d, 0x00, 0x00, 0x10, 0x3d, 0x00, 0x00,
  0x20, 0x3d, 0x00, 0x00, 0x30, 0x3d, 0x00, 0x00, 0x40, 0x3d, 0x00, 0x00,
  0x50, 0x3d, 0x00, 0x00, 0x60, 0x3d, 0x00, 0x00, 0x70, 0x3d, 0x00, 0x00,
  0x80, 0x3d, 0x00, 0x00, 0x90, 0x3d, 0x00, 0x00, 0xa0, 0x3d, 0x00, 0x00,
  0xb0, 0x3d, 0x00, 0x00, 0xc0, 0x3d, 0x00, 0x00, 0xd0, 0x3d, 0x00, 0x00,
  0xe0, 0x3d, 0x00, 0x00, 0xf0, 0x3d, 0x00, 0x00, 0x00, 0x3e, 0x00, 0x00,
  0x10, 0x3e, 0x00, 0x00, 0x20, 0x3e, 0x00, 0x00, 0x30, 0x3e, 0x00, 0x00,
  0x40, 0x3e, 0x00, 0x00, 0x50, 0x3e, 0x00, 0x00, 0x60, 0x3e, 0x00, 0x00,
  0x70, 0x3e, 0x00, 0x00, 0x80, 0x3e, 0x00, 0x00, 0x90, 0x3e, 0x00, 0x00,
  0xa0, 0x3e, 0x00, 0x00, 0xb0, 0x3e, 0x00, 0x00, 0xc0, 0x3e, 0x00, 0x00,
  0xd0, 0x3e, 0x00, 0x00, 0xe0, 0x3e, 0x00, 0x00, 0xf0, 0x3e, 0x00, 0x00,
  0x00, 0x3f, 0x00, 0x00, 0x10, 0x3f, 0x00, 0x00, 0x20, 0x3f, 0x00, 0x00,
  0x30, 0x3f, 0x00, 0x00, 0x40, 0x3f, 0x00, 0x00, 0x50, 0x3f, 0x00, 0x00,
  0x60, 0x3f, 0x00, 0x00, 0x70, 0x3f, 0x00, 0x00, 0x80, 0x3f, 0x00, 0x00,
  0x90, 0x3f, 0x00, 0x00, 0xa0, 0x3f, 0x00, 0x00, 0xb0, 0x3f, 0x00, 0x00,
  0xc0, 0x3f, 0x00, 0x00, 0xd0, 0x3f, 0x00, 0x00, 0xe0, 0x3f, 0x00, 0x00,
  0xf0, 0x3f, 0x00, 0x00, 0x00, 0x40, 0x00, 0x00, 0x10, 0x40, 0x00, 0x00,
  0x20, 0x40, 0x00, 0x00, 0x30, 0x40, 0x00, 0x00, 0x40, 0x40, 0x00, 0x00,
  0x2f, 0x73, 0x79, 0x73, 0x2f, 0x6b, 0x65, 0x72, 0x6e, 0x65, 0x6c, 0x2f,
  0x74, 0x72, 0x61, 0x63, 0x69, 0x6e, 0x67, 0x2f, 0x74, 0x72, 0x61, 0x63,
  0x69, 0x6e, 0x67, 0x5f, 0x6f, 0x6e, 0x00, 0x2f, 0x73, 0x79, 0x73, 0x2f,
  0x6b, 0x65, 0x72, 0x6e, 0x65, 0x6c, 0x2f, 0x74, 0x72, 0x61, 0x63, 0x69,
  0x6e, 0x67, 0x2f, 0x65, 0x76, 0x65, 0x6e, 0x74, 0x73, 0x2f, 0x73, 0x63,
  0x68, 0x65, 0x64, 0x2f, 0x73, 0x63, 0x68, 0x65, 0x64, 0x5f, 0x62, 0x6c,
  0x6f, 0x63, 0x6b, 0x65, 0x64, 0x5f, 0x72, 0x65, 0x61, 0x73, 0x6f, 0x6e,
  0x2f, 0x65, 0x6e, 0x61, 0x62, 0x6c, 0x65, 0x00, 0x01, 0x1b, 0x03, 0x3b,
  0x5c, 0x00, 0x00, 0x00, 0x0a, 0x00, 0x00, 0x00, 0x14, 0x42, 0x00, 0x00,
  0x74, 0x00, 0x00, 0x00, 0x6c, 0x42, 0x00, 0x00, 0x94, 0x00, 0x00, 0x00,
  0x80, 0x42, 0x00, 0x00, 0xa8, 0x00, 0x00, 0x00, 0x9c, 0x42, 0x00, 0x00,
  0xbc, 0x00, 0x00, 0x00, 0xac, 0x42, 0x00, 0x00, 0xd0, 0x00, 0x00, 0x00,
  0x00, 0x43, 0x00, 0x00, 0x00, 0x01, 0x00, 0x00, 0xd0, 0x4f, 0x00, 0x00,
  0x48, 0x01, 0x00, 0x00, 0xd4, 0x4f, 0x00, 0x00, 0x5c, 0x01, 0x00, 0x00,
  0x64, 0x50, 0x00, 0x00, 0x88, 0x01, 0x00, 0x00, 0xf8, 0x52, 0x00, 0x00,
  0xcc, 0x01, 0x00, 0x00, 0x00, 0x00, 0x00, 0x00, 0x10, 0x00, 0x00, 0x00,
  0x00, 0x00, 0x00, 0x00, 0x01, 0x7a, 0x52, 0x00, 0x01, 0x7c, 0x1e, 0x01,
  0x1b, 0x0c, 0x1f, 0x00, 0x1c, 0x00, 0x00, 0x00, 0x18, 0x00, 0x00, 0x00,
  0x98, 0x41, 0x00, 0x00, 0x58, 0x00, 0x00, 0x00, 0x00, 0x2d, 0x48, 0x0e,
  0x40, 0x48, 0x0c, 0x1d, 0x10, 0x9e, 0x02, 0x9d, 0x04, 0x00, 0x00, 0x00,
  0x10, 0x00, 0x00, 0x00, 0x38, 0x00, 0x00, 0x00, 0xd0, 0x41, 0x00, 0x00,
  0x14, 0x00, 0x00, 0x00, 0x00, 0x00, 0x00, 0x00, 0x10, 0x00, 0x00, 0x00,
  0x4c, 0x00, 0x00, 0x00, 0xd0, 0x41, 0x00, 0x00, 0x1c, 0x00, 0x00, 0x00,
  0x00, 0x00, 0x00, 0x00, 0x10, 0x00, 0x00, 0x00, 0x60, 0x00, 0x00, 0x00,
  0xd8, 0x41, 0x00, 0x00, 0x10, 0x00, 0x00, 0x00, 0x00, 0x00, 0x00, 0x00,
  0x2c, 0x00, 0x00, 0x00, 0x74, 0x00, 0x00, 0x00, 0xd4, 0x41, 0x00, 0x00,
  0x54, 0x00, 0x00, 0x00, 0x00, 0x2d, 0x48, 0x0e, 0x20, 0x48, 0x0c, 0x1d,
  0x20, 0x93, 0x02, 0x94, 0x04, 0x9e, 0x06, 0x9d, 0x08, 0x74, 0x0c, 0x1f,
  0x20, 0x48, 0x0e, 0x00, 0x2d, 0x44, 0xd3, 0xd4, 0xde, 0xdd, 0x00, 0x00,
  0x44, 0x00, 0x00, 0x00, 0xa4, 0x00, 0x00, 0x00, 0xf8, 0x41, 0x00, 0x00,
  0xd0, 0x0c, 0x00, 0x00, 0x00, 0x44, 0x0e, 0x60, 0x58, 0x0c, 0x1d, 0x60,
  0x93, 0x02, 0x94, 0x04, 0x95, 0x06, 0x96, 0x08, 0x97, 0x0a, 0x98, 0x0c,
  0x99, 0x0e, 0x9a, 0x10, 0x9b, 0x12, 0x9c, 0x14, 0x9e, 0x16, 0x9d, 0x18,
  0x0a, 0x03, 0x00, 0x07, 0x0c, 0x1f, 0x60, 0x58, 0x0e, 0x00, 0xd3, 0xd4,
  0xd5, 0xd6, 0xd7, 0xd8, 0xd9, 0xda, 0xdb, 0xdc, 0xde, 0xdd, 0x44, 0x0b,
  0x10, 0x00, 0x00, 0x00, 0xec, 0x00, 0x00, 0x00, 0x80, 0x4e, 0x00, 0x00,
  0x04, 0x00, 0x00, 0x00, 0x00, 0x00, 0x00, 0x00, 0x28, 0x00, 0x00, 0x00,
  0x00, 0x01, 0x00, 0x00, 0x70, 0x4e, 0x00, 0x00, 0x90, 0x00, 0x00, 0x00,
  0x00, 0x44, 0x0e, 0x20, 0x48, 0x0c, 0x1d, 0x20, 0x93, 0x02, 0x9c, 0x04,
  0x9e, 0x06, 0x9d, 0x08, 0x02, 0x78, 0x0c, 0x1f, 0x20, 0x48, 0x0e, 0x00,
  0xd3, 0xdc, 0xde, 0xdd, 0x40, 0x00, 0x00, 0x00, 0x2c, 0x01, 0x00, 0x00,
  0xd4, 0x4e, 0x00, 0x00, 0x94, 0x02, 0x00, 0x00, 0x00, 0x44, 0x0e, 0xc0,
  0x02, 0x58, 0x0c, 0x1d, 0x50, 0x93, 0x02, 0x94, 0x04, 0x95, 0x06, 0x96,
  0x08, 0x97, 0x0a, 0x98, 0x0c, 0x99, 0x0e, 0x9c, 0x10, 0x9e, 0x12, 0x9d,
  0x14, 0x03, 0x5c, 0x02, 0x0c, 0x1f, 0xc0, 0x02, 0x58, 0x0e, 0x00, 0xd3,
  0xd4, 0xd5, 0xd6, 0xd7, 0xd8, 0xd9, 0xdc, 0xde, 0xdd, 0x00, 0x00, 0x00,
  0x2c, 0x00, 0x00, 0x00, 0x70, 0x01, 0x00, 0x00, 0x24, 0x51, 0x00, 0x00,
  0x14, 0x01, 0x00, 0x00, 0x00, 0x44, 0x0e, 0x20, 0x48, 0x0c, 0x1d, 0x20,
  0x93, 0x04, 0x9e, 0x06, 0x9d, 0x08, 0x02, 0xfc, 0x0c, 0x1f, 0x20, 0x48,
  0x0e, 0x00, 0xd3, 0xde, 0xdd, 0x00, 0x00, 0x00, 0x00, 0x00, 0x00, 0x00,
  0x00, 0x00, 0x00, 0x00, 0x9f, 0x24, 0x03, 0xd5, 0x1d, 0x00, 0x80, 0xd2,
  0x1e, 0x00, 0x80, 0xd2, 0xe0, 0x03, 0x00, 0x91, 0x01, 0x00, 0x00, 0x14,
  0x3f, 0x23, 0x03, 0xd5, 0xff, 0x03, 0x01, 0xd1, 0xfd, 0x7b, 0x03, 0xa9,
  0xfd, 0xc3, 0x00, 0x91, 0x28, 0x00, 0x00, 0xb0, 0x29, 0x00, 0x00, 0xb0,
  0x00, 0xe4, 0x00, 0x6f, 0x08, 0x81, 0x44, 0xf9, 0x29, 0x85, 0x44, 0xf9,
  0x28, 0x01, 0x08, 0xcb, 0x1f, 0x05, 0x00, 0xf1, 0xe0, 0x83, 0x00, 0xad,
  0xe0, 0x03, 0x80, 0x3d, 0x8b, 0x00, 0x00, 0x54, 0x1f, 0x20, 0x03, 0xd5,
  0x08, 0xb9, 0x04, 0x10, 0xe8, 0x0b, 0x00, 0xf9, 0x22, 0x00, 0x00, 0xb0,
  0xe3, 0x03, 0x00, 0x91, 0xe1, 0x03, 0x1f, 0xaa, 0x42, 0x88, 0x44, 0xf9,
  0x72, 0x04, 0x00, 0x94, 0x5f, 0x24, 0x03, 0xd5, 0x60, 0x00, 0x00, 0xb4,
  0xf0, 0x03, 0x00, 0xaa, 0x00, 0x02, 0x1f, 0xd6, 0xc0, 0x03, 0x5f, 0xd6,
  0x5f, 0x24, 0x03, 0xd5, 0xe1, 0x03, 0x00, 0xaa, 0x1f, 0x20, 0x03, 0xd5,
  0x00, 0xff, 0xff, 0x10, 0x1f, 0x20, 0x03, 0xd5, 0xa2, 0xb7, 0x04, 0x10,
  0x6a, 0x04, 0x00, 0x14, 0x5f, 0x24, 0x03, 0xd5, 0x1f, 0x20, 0x03, 0xd5,
  0x23, 0xb7, 0x04, 0x10, 0x6a, 0x04, 0x00, 0x14, 0x3f, 0x23, 0x03, 0xd5,
  0xfd, 0x7b, 0xbe, 0xa9, 0xf4, 0x4f, 0x01, 0xa9, 0xfd, 0x03, 0x00, 0x91,
  0x33, 0x00, 0x00, 0xb0, 0x28, 0x00, 0x00, 0xb0, 0x73, 0x82, 0x44, 0xf9,
  0x08, 0x85, 0x44, 0xf9, 0x08, 0x01, 0x13, 0xeb, 0x00, 0x01, 0x00, 0x54,
  0x08, 0xfd, 0x43, 0x93, 0x69, 0x0e, 0x08, 0x8b, 0x14, 0x05, 0x00, 0xd1,
  0x29, 0x81, 0x5f, 0xf8, 0x20, 0x01, 0x3f, 0xd6, 0xe8, 0x03, 0x14, 0xaa,
  0x74, 0xff, 0xff, 0xb5, 0xf4, 0x4f, 0x41, 0xa9, 0xfd, 0x7b, 0xc2, 0xa8,
  0xbf, 0x23, 0x03, 0xd5, 0xc0, 0x03, 0x5f, 0xd6, 0xfd, 0x7b, 0xba, 0xa9,
  0xfc, 0x6f, 0x01, 0xa9, 0xfa, 0x67, 0x02, 0xa9, 0xf8, 0x5f, 0x03, 0xa9,
  0xf6, 0x57, 0x04, 0xa9, 0xf4, 0x4f, 0x05, 0xa9, 0xfd, 0x03, 0x00, 0x91,
  0xff, 0x0f, 0x40, 0xd1, 0xff, 0x03, 0x03, 0xd1, 0x28, 0x00, 0x00, 0xb0,
  0xe1, 0x03, 0x1f, 0xaa, 0x42, 0x00, 0x80, 0x52, 0x08, 0x8d, 0x44, 0xf9,
  0xe3, 0x03, 0x1f, 0xaa, 0x00, 0x01, 0x40, 0xf9, 0x49, 0x04, 0x00, 0x94,
  0x01, 0x00, 0x00, 0xb0, 0x21, 0x00, 0x03, 0x91, 0x40, 0x01, 0x80, 0x52,
  0x49, 0x04, 0x00, 0x94, 0x4c, 0x04, 0x00, 0x94, 0x1f, 0x20, 0x03, 0xd5,
  0xe1, 0x4e, 0xfd, 0x50, 0xc2, 0xff, 0xff, 0xd0, 0x42, 0xe0, 0x35, 0x91,
  0xe3, 0x03, 0x00, 0x2a, 0x1b, 0x03, 0x00, 0x94, 0xc0, 0xff, 0xff, 0xd0,
  0x00, 0xf0, 0x3c, 0x91, 0x47, 0x04, 0x00, 0x94, 0x60, 0x06, 0x00, 0xb4,
  0x08, 0x00, 0x40, 0x39, 0x28, 0x06, 0x00, 0x34, 0xc1, 0xff, 0xff, 0xd0,
  0x21, 0x04, 0x3f, 0x91, 0x45, 0x04, 0x00, 0x94, 0x20, 0x0b, 0x00, 0xb4,
  0xe8, 0x83, 0x00, 0x91, 0xf9, 0x0b, 0x40, 0x91, 0xf4, 0x03, 0x00, 0xaa,
  0xf3, 0x03, 0x1f, 0xaa, 0x18, 0x21, 0x00, 0x91, 0x39, 0xc3, 0x00, 0x91,
  0xe0, 0x0b, 0x40, 0x91, 0x01, 0x10, 0x80, 0x52, 0xe2, 0x03, 0x14, 0xaa,
  0x00, 0xc0, 0x00, 0x91, 0x3d, 0x04, 0x00, 0x94, 0xe0, 0x0a, 0x00, 0xb4,
  0xbf, 0x83, 0x17, 0xf8, 0xff, 0x13, 0x10, 0xf9, 0x3d, 0x04, 0x00, 0x94,
  0xf6, 0x03, 0x00, 0xaa, 0x1f, 0x00, 0x00, 0xb9, 0xe0, 0x0b, 0x40, 0x91,
  0x00, 0xc0, 0x00, 0x91, 0xa1, 0x23, 0x02, 0xd1, 0xe2, 0x03, 0x1f, 0x2a,
  0x3a, 0x04, 0x00, 0x94, 0xb7, 0x83, 0x57, 0xf8, 0xe1, 0x0b, 0x40, 0x91,
  0xf5, 0x03, 0x00, 0xaa, 0x21, 0x80, 0x00, 0x91, 0xe2, 0x03, 0x1f, 0x2a,
  0xe0, 0x03, 0x17, 0xaa, 0x33, 0x04, 0x00, 0x94, 0xff, 0x02, 0x19, 0xeb,
  0x80, 0x26, 0x00, 0x54, 0xc8, 0x02, 0x40, 0xb9, 0x48, 0x26, 0x00, 0x35,
  0xe8, 0x13, 0x50, 0xf9, 0x1f, 0x01, 0x17, 0xeb, 0xe0, 0x25, 0x00, 0x54,
  0x73, 0x06, 0x00, 0x91, 0x15, 0x83, 0x3f, 0xa9, 0x18, 0x43, 0x00, 0x91,
  0x7f, 0x02, 0x08, 0xf1, 0xc1, 0xfb, 0xff, 0x54, 0xe0, 0x03, 0x14, 0xaa,
  0x29, 0x04, 0x00, 0x94, 0x3a, 0x00, 0x00, 0x14, 0xc0, 0xff, 0xff, 0xd0,
  0x00, 0x7c, 0x33, 0x91, 0x11, 0x04, 0x00, 0x94, 0xf3, 0x03, 0x00, 0xaa,
  0xc0, 0xff, 0xff, 0xd0, 0x00, 0x0c, 0x3f, 0x91, 0x0d, 0x04, 0x00, 0x94,
  0x13, 0x04, 0x00, 0xb4, 0xf4, 0x03, 0x00, 0xaa, 0xc0, 0x03, 0x00, 0xb4,
  0x68, 0x02, 0x40, 0x39, 0x88, 0x03, 0x00, 0x34, 0x88, 0x02, 0x40, 0x39,
  0x48, 0x03, 0x00, 0x34, 0xff, 0x1b, 0x10, 0xf9, 0xbf, 0x83, 0x17, 0xf8,
  0x0f, 0x04, 0x00, 0x94, 0xe1, 0x0b, 0x40, 0x91, 0xf6, 0x03, 0x00, 0xaa,
  0x1f, 0x00, 0x00, 0xb9, 0x21, 0xc0, 0x00, 0x91, 0xe0, 0x03, 0x13, 0xaa,
  0xe2, 0x03, 0x1f, 0x2a, 0x0c, 0x04, 0x00, 0x94, 0xf5, 0x03, 0x00, 0xaa,
  0xa1, 0x23, 0x02, 0xd1, 0xe0, 0x03, 0x14, 0xaa, 0xe2, 0x03, 0x1f, 0x2a,
  0x07, 0x04, 0x00, 0x94, 0xc8, 0x02, 0x40, 0xb9, 0x48, 0x22, 0x00, 0x34,
  0xc1, 0xff, 0xff, 0xd0, 0x21, 0x40, 0x33, 0x91, 0xc2, 0xff, 0xff, 0xd0,
  0x42, 0xf8, 0x3b, 0x91, 0xe3, 0x03, 0x13, 0xaa, 0xe4, 0x03, 0x14, 0xaa,
  0xbf, 0x02, 0x00, 0x94, 0x4d, 0x01, 0x00, 0x14, 0xc1, 0xff, 0xff, 0xd0,
  0x21, 0x40, 0x33, 0x91, 0xc2, 0xff, 0xff, 0xd0, 0x42, 0x78, 0x3a, 0x91,
  0x47, 0x01, 0x00, 0x14, 0xf3, 0x03, 0x00, 0x94, 0x00, 0x00, 0x40, 0xb9,
  0xfd, 0x03, 0x00, 0x94, 0xc1, 0xff, 0xff, 0xd0, 0x21, 0x40, 0x33, 0x91,
  0xc2, 0xff, 0xff, 0xd0, 0x42, 0xd4, 0x38, 0x91, 0xe3, 0x03, 0x00, 0xaa,
  0xb0, 0x02, 0x00, 0x94, 0x3e, 0x01, 0x00, 0x14, 0xe0, 0x03, 0x14, 0xaa,
  0xf0, 0x03, 0x00, 0x94, 0x93, 0x21, 0x00, 0xb4, 0xc1, 0xff, 0xff, 0xd0,
  0x21, 0xc8, 0x33, 0x91, 0xc2, 0xff, 0xff, 0xf0, 0x42, 0xe0, 0x01, 0x91,
  0xe3, 0x03, 0x13, 0xaa, 0xa6, 0x02, 0x00, 0x94, 0xc0, 0xff, 0xff, 0xd0,
  0x00, 0xa0, 0x39, 0x91, 0xd2, 0x03, 0x00, 0x94, 0xe0, 0x01, 0x00, 0xb4,
  0x08, 0x00, 0x40, 0x39, 0xf4, 0x03, 0x00, 0xaa, 0x88, 0x01, 0x00, 0x34,
  0xff, 0x1b, 0x10, 0xf9, 0xd8, 0x03, 0x00, 0x94, 0xe1, 0x0b, 0x40, 0x91,
  0xf5, 0x03, 0x00, 0xaa, 0x1f, 0x00, 0x00, 0xb9, 0x21, 0xc0, 0x00, 0x91,
  0xe0, 0x03, 0x14, 0xaa, 0xe2, 0x03, 0x1f, 0x2a, 0xd5, 0x03, 0x00, 0x94,
  0xa8, 0x02, 0x40, 0xb9, 0x28, 0x1f, 0x00, 0x34, 0x21, 0x00, 0x80, 0x52,
  0xe0, 0xff, 0xff, 0x90, 0x00, 0x50, 0x02, 0x91, 0x01, 0x01, 0xa0, 0x72,
  0xda, 0x03, 0x00, 0x94, 0x00, 0x23, 0xf8, 0x37, 0xc1, 0xff, 0xff, 0xd0,
  0x21, 0xec, 0x3f, 0x91, 0x22, 0x00, 0x80, 0x52, 0xf4, 0x03, 0x00, 0x2a,
  0xd8, 0x03, 0x00, 0x94, 0xf5, 0x03, 0x00, 0xaa, 0xe0, 0x03, 0x14, 0x2a,
  0xd9, 0x03, 0x00, 0x94, 0xbf, 0x06, 0x00, 0xf1, 0xc1, 0x21, 0x00, 0x54,
  0x21, 0x00, 0x80, 0x52, 0xe0, 0xff, 0xff, 0x90, 0x00, 0xcc, 0x02, 0x91,
  0x01, 0x01, 0xa0, 0x72, 0xca, 0x03, 0x00, 0x94, 0x00, 0x21, 0xf8, 0x37,
  0xc1, 0xff, 0xff, 0xd0, 0x21, 0xf0, 0x3b, 0x91, 0x22, 0x00, 0x80, 0x52,
  0xf4, 0x03, 0x00, 0x2a, 0xc8, 0x03, 0x00, 0x94, 0xf5, 0x03, 0x00, 0xaa,
  0xe0, 0x03, 0x14, 0x2a, 0xc9, 0x03, 0x00, 0x94, 0xbf, 0x06, 0x00, 0xf1,
  0xc1, 0x1f, 0x00, 0x54, 0x21, 0x00, 0x80, 0x52, 0xe0, 0xff, 0xff, 0x90,
  0x00, 0x50, 0x02, 0x91, 0x01, 0x01, 0xa0, 0x72, 0xba, 0x03, 0x00, 0x94,
  0x00, 0x1f, 0xf8, 0x37, 0xc1, 0xff, 0xff, 0xd0, 0x21, 0xf0, 0x3b, 0x91,
  0x22, 0x00, 0x80, 0x52, 0xf4, 0x03, 0x00, 0x2a, 0xb8, 0x03, 0x00, 0x94,
  0xf5, 0x03, 0x00, 0xaa, 0xe0, 0x03, 0x14, 0x2a, 0xb9, 0x03, 0x00, 0x94,
  0xbf, 0x06, 0x00, 0xf1, 0xc1, 0x1d, 0x00, 0x54, 0x00, 0x48, 0x88, 0x52,
  0xe0, 0x01, 0xa0, 0x72, 0xb8, 0x03, 0x00, 0x94, 0x20, 0x0c, 0x80, 0x52,
  0xba, 0x03, 0x00, 0x94, 0xf5, 0x03, 0x00, 0xaa, 0xbf, 0x06, 0x00, 0x71,
  0xcb, 0x1a, 0x00, 0x54, 0xc8, 0xff, 0xff, 0xd0, 0xf9, 0x47, 0x8f, 0x92,
  0x14, 0x48, 0x8f, 0xd2, 0x3c, 0x00, 0x80, 0x52, 0x00, 0x31, 0xc3, 0x3d,
  0x19, 0x02, 0xa1, 0xf2, 0xf4, 0xfd, 0xbe, 0xf2, 0xf6, 0x03, 0x1f, 0x2a,
  0xfc, 0x03, 0xa0, 0x72, 0x18, 0x01, 0xa0, 0x52, 0x19, 0xf8, 0xdf, 0xf2,
  0xf4, 0x07, 0xc0, 0xf2, 0xff, 0x07, 0x00, 0xf9, 0xe0, 0x07, 0x80, 0x3d,
  0xa0, 0x23, 0x02, 0xd1, 0x01, 0x10, 0x80, 0x52, 0xc2, 0xff, 0xff, 0xd0,
  0x42, 0xd4, 0x37, 0x91, 0xe3, 0x03, 0x16, 0x2a, 0xa7, 0x03, 0x00, 0x94,
  0xa0, 0x43, 0x02, 0xd1, 0xa9, 0x03, 0x00, 0x94, 0x20, 0x10, 0xf8, 0x37,
  0xab, 0x03, 0x00, 0x94, 0x40, 0x44, 0x00, 0x34, 0xfb, 0x03, 0x00, 0x2a,
  0xa0, 0x43, 0x57, 0xb8, 0x93, 0x03, 0x00, 0x94, 0x00, 0x01, 0xa0, 0x52,
  0xa9, 0x03, 0x00, 0x94, 0xfa, 0x03, 0x00, 0xaa, 0xe8, 0x03, 0x1f, 0xaa,
  0xf7, 0x03, 0x08, 0xaa, 0x08, 0xfd, 0x53, 0xd3, 0x68, 0x04, 0x00, 0xb5,
  0x00, 0xe4, 0x00, 0x6f, 0xa0, 0x03, 0x57, 0xb8, 0xe1, 0x0b, 0x40, 0x91,
  0x21, 0xc0, 0x00, 0x91, 0x02, 0x10, 0x80, 0x52, 0xe0, 0x2b, 0x88, 0x3d,
  0xe0, 0x27, 0x88, 0x3d, 0xe0, 0x23, 0x88, 0x3d, 0xe0, 0x1f, 0x88, 0x3d,
  0xe0, 0x1b, 0x88, 0x3d, 0xe0, 0x17, 0x88, 0x3d, 0xe0, 0x13, 0x88, 0x3d,
  0xe0, 0x0f, 0x88, 0x3d, 0x9a, 0x03, 0x00, 0x94, 0xa8, 0x03, 0x57, 0xb8,
  0xe0, 0x07, 0xc0, 0x3d, 0xe1, 0x0b, 0x40, 0x91, 0xe4, 0x0b, 0x40, 0x91,
  0x21, 0xc0, 0x00, 0x91, 0xe2, 0x03, 0x1f, 0xaa, 0x00, 0x05, 0x00, 0x11,
  0x84, 0x80, 0x00, 0x91, 0xe3, 0x03, 0x1f, 0xaa, 0xe0, 0x0b, 0x88, 0x3d,
  0x93, 0x03, 0x00, 0x94, 0x1f, 0x04, 0x00, 0x71, 0x0b, 0x01, 0x00, 0x54,
  0xa0, 0x03, 0x57, 0xb8, 0x02, 0x03, 0x17, 0xcb, 0x41, 0x03, 0x17, 0x8b,
  0x91, 0x03, 0x00, 0x94, 0x1f, 0x00, 0x00, 0xf1, 0x08, 0x00, 0x17, 0x8b,
  0x8c, 0xfb, 0xff, 0x54, 0xe0, 0x03, 0x1b, 0x2a, 0xe1, 0x01, 0x80, 0x52,
  0x8f, 0x03, 0x00, 0x94, 0xe0, 0x03, 0x1b, 0x2a, 0xe1, 0x03, 0x1f, 0xaa,
  0xe2, 0x03, 0x1f, 0x2a, 0x8f, 0x03, 0x00, 0x94, 0xa0, 0x03, 0x57, 0xb8,
  0x61, 0x03, 0x00, 0x94, 0xb7, 0x08, 0x00, 0xb4, 0xea, 0x03, 0x1f, 0xaa,
  0x05, 0x00, 0x00, 0x14, 0x28, 0x3d, 0x00, 0x91, 0x0a, 0xed, 0x7c, 0x92,
  0x5f, 0x01, 0x17, 0xeb, 0xe2, 0x07, 0x00, 0x54, 0xe8, 0x02, 0x0a, 0xcb,
  0x1f, 0x51, 0x00, 0xf1, 0x83, 0x07, 0x00, 0x54, 0x48, 0x03, 0x0a, 0x8b,
  0x09, 0x05, 0x40, 0xf9, 0x2b, 0x2d, 0x40, 0x92, 0x49, 0x01, 0x0b, 0x8b,
  0x29, 0x41, 0x00, 0x91, 0x3f, 0x01, 0x17, 0xeb, 0x29, 0x31, 0x97, 0x9a,
  0x2a, 0x01, 0x0a, 0xcb, 0x5f, 0x51, 0x00, 0xf1, 0x03, 0xfe, 0xff, 0x54,
  0x6c, 0x41, 0x00, 0x91, 0x9f, 0x01, 0x0a, 0xeb, 0x8a, 0x31, 0x8a, 0x9a,
  0x7f, 0x11, 0x00, 0xf1, 0x63, 0xfd, 0xff, 0x54, 0x8c, 0x02, 0x80, 0x52,
  0x0b, 0x02, 0x80, 0x52, 0x05, 0x00, 0x00, 0x14, 0x6b, 0x31, 0x00, 0x91,
  0x6c, 0x11, 0x00, 0x91, 0x9f, 0x01, 0x0a, 0xeb, 0x88, 0xfc, 0xff, 0x54,
  0x0d, 0x69, 0x6b, 0xb8, 0xad, 0x11, 0x40, 0x92, 0xbf, 0x7d, 0x00, 0x71,
  0x20, 0xff, 0xff, 0x54, 0xbf, 0x79, 0x00, 0x71, 0x61, 0x00, 0x00, 0x54,
  0x6b, 0x21, 0x00, 0x91, 0xf6, 0xff, 0xff, 0x17, 0xab, 0x75, 0x00, 0x51,
  0x7f, 0x71, 0x00, 0x31, 0x23, 0xfb, 0xff, 0x54, 0x8b, 0x09, 0x0d, 0x8b,
  0x7f, 0x01, 0x0a, 0xeb, 0xc8, 0xfa, 0xff, 0x54, 0x0c, 0x01, 0x0c, 0x8b,
  0x8e, 0x01, 0x40, 0x79, 0xdf, 0xb1, 0x01, 0x71, 0x81, 0xfd, 0xff, 0x54,
  0xbf, 0x19, 0x00, 0x71, 0x43, 0xfd, 0xff, 0x54, 0x83, 0x09, 0x40, 0xf9,
  0x7f, 0x00, 0x19, 0xeb, 0xe3, 0xfc, 0xff, 0x54, 0x7b, 0x00, 0x14, 0x8b,
  0x7f, 0x03, 0x1c, 0xeb, 0x82, 0xfc, 0xff, 0x54, 0x6c, 0x3b, 0x40, 0x92,
  0x4c, 0xfc, 0xff, 0xb5, 0x1f, 0x20, 0x03, 0xd5, 0x01, 0x25, 0xfd, 0x50,
  0xc2, 0xff, 0xff, 0xd0, 0x42, 0x94, 0x3e, 0x91, 0xe4, 0x03, 0x1b, 0xaa,
  0xcc, 0x01, 0x00, 0x94, 0xf7, 0x03, 0x1f, 0x2a, 0xfb, 0x07, 0x00, 0xf9,
  0x02, 0x00, 0x00, 0x14, 0x37, 0x00, 0x80, 0x52, 0xe0, 0x03, 0x1a, 0xaa,
  0x49, 0x03, 0x00, 0x94, 0x02, 0x00, 0x00, 0x14, 0x37, 0x00, 0x80, 0x52,
  0xd6, 0x06, 0x00, 0x11, 0xdf, 0x02, 0x15, 0x6b, 0xaa, 0x07, 0x00, 0x54,
  0x77, 0xee, 0x07, 0x37, 0x3b, 0x00, 0x00, 0x14, 0xe3, 0x0b, 0x40, 0x91,
  0xc1, 0xff, 0xff, 0xd0, 0x21, 0x40, 0x33, 0x91, 0xc2, 0xff, 0xff, 0xd0,
  0x42, 0x58, 0x39, 0x91, 0x63, 0xc0, 0x00, 0x91, 0xb8, 0x01, 0x00, 0x94,
  0xe0, 0x03, 0x14, 0xaa, 0xf9, 0x02, 0x00, 0x94, 0x44, 0x00, 0x00, 0x14,
  0xe8, 0x1b, 0x50, 0xf9, 0x1f, 0x01, 0x13, 0xeb, 0xa0, 0xdd, 0xff, 0x54,
  0x08, 0x01, 0x40, 0x39, 0x68, 0xdd, 0xff, 0x35, 0xa8, 0x83, 0x57, 0xf8,
  0x1f, 0x01, 0x14, 0xeb, 0x00, 0xdd, 0xff, 0x54, 0x08, 0x01, 0x40, 0x39,
  0xc8, 0xdc, 0xff, 0x35, 0xc1, 0xff, 0xff, 0xd0, 0x21, 0xc8, 0x33, 0x91,
  0xc2, 0xff, 0xff, 0xd0, 0x42, 0x54, 0x3f, 0x91, 0xe3, 0x03, 0x15, 0xaa,
  0xe4, 0x03, 0x00, 0xaa, 0xf5, 0x03, 0x02, 0xa9, 0xa3, 0x01, 0x00, 0x94,
  0x33, 0x00, 0x80, 0x52, 0xfc, 0xfe, 0xff, 0x17, 0xc1, 0xff, 0xff, 0xd0,
  0x21, 0x40, 0x33, 0x91, 0xc2, 0xff, 0xff, 0xf0, 0x42, 0x8c, 0x00, 0x91,
  0x2a, 0x00, 0x00, 0x14, 0xe8, 0x1b, 0x50, 0xf9, 0x1f, 0x01, 0x14, 0xeb,
  0xc0, 0xe0, 0xff, 0x54, 0x08, 0x01, 0x40, 0x39, 0x88, 0xe0, 0xff, 0x35,
  0x28, 0x00, 0x80, 0x52, 0xe8, 0x03, 0xa0, 0x72, 0x1f, 0x00, 0x08, 0xeb,
  0x02, 0xe0, 0xff, 0x54, 0x08, 0x2c, 0x40, 0x92, 0xc8, 0xdf, 0xff, 0xb5,
  0x54, 0x00, 0x00, 0xb0, 0xc1, 0xff, 0xff, 0xd0, 0x21, 0xc8, 0x33, 0x91,
  0xc2, 0xff, 0xff, 0xd0, 0x42, 0xc4, 0x36, 0x91, 0xe3, 0x03, 0x00, 0xaa,
  0x80, 0x42, 0x05, 0xf9, 0x89, 0x01, 0x00, 0x94, 0x84, 0x42, 0x45, 0xf9,
  0x23, 0x00, 0x00, 0x14, 0x37, 0x00, 0x80, 0x52, 0xff, 0x07, 0x00, 0xf9,
  0x21, 0x00, 0x80, 0x52, 0xe0, 0xff, 0xff, 0x90, 0x00, 0xcc, 0x02, 0x91,
  0x01, 0x01, 0xa0, 0x72, 0xcb, 0x02, 0x00, 0x94, 0x00, 0x01, 0xf8, 0x37,
  0xc1, 0xff, 0xff, 0xd0, 0x21, 0xec, 0x3f, 0x91, 0x22, 0x00, 0x80, 0x52,
  0xf5, 0x03, 0x00, 0x2a, 0xc9, 0x02, 0x00, 0x94, 0xe0, 0x03, 0x15, 0x2a,
  0xcb, 0x02, 0x00, 0x94, 0x17, 0x02, 0x00, 0x36, 0xc1, 0xff, 0xff, 0xd0,
  0x21, 0x40, 0x33, 0x91, 0xc2, 0xff, 0xff, 0xf0, 0x42, 0x90, 0x01, 0x91,
  0x72, 0x01, 0x00, 0x94, 0x20, 0x00, 0x80, 0x52, 0xff, 0x0f, 0x40, 0x91,
  0xff, 0x03, 0x03, 0x91, 0xf4, 0x4f, 0x45, 0xa9, 0xf6, 0x57, 0x44, 0xa9,
  0xf8, 0x5f, 0x43, 0xa9, 0xfa, 0x67, 0x42, 0xa9, 0xfc, 0x6f, 0x41, 0xa9,
  0xfd, 0x7b, 0xc6, 0xa8, 0xc0, 0x03, 0x5f, 0xd6, 0xe4, 0x07, 0x40, 0xf9,
  0x48, 0x00, 0x00, 0xb0, 0x04, 0x41, 0x05, 0xf9, 0xe8, 0x67, 0x5a, 0xb2,
  0x54, 0x00, 0x00, 0xb0, 0xc1, 0xff, 0xff, 0xd0, 0x21, 0xc8, 0x33, 0x91,
  0x08, 0x00, 0xa1, 0xf2, 0xc2, 0xff, 0xff, 0xd0, 0x42, 0x4c, 0x36, 0x91,
  0x83, 0x00, 0x08, 0x8b, 0x83, 0x46, 0x05, 0xf9, 0x5b, 0x01, 0x00, 0x94,
  0x88, 0x46, 0x45, 0xf9, 0x09, 0x98, 0x9e, 0x52, 0xc0, 0xff, 0xff, 0xd0,
  0x00, 0xf4, 0x3f, 0x91, 0x29, 0x4c, 0xa0, 0x72, 0x08, 0x01, 0x09, 0x8b,
  0x49, 0x00, 0x00, 0xb0, 0x28, 0x49, 0x05, 0xf9, 0x81, 0x02, 0x00, 0x94,
  0xc0, 0x02, 0x00, 0xb4, 0x08, 0x00, 0x40, 0x39, 0xf4, 0x03, 0x00, 0xaa,
  0x68, 0x02, 0x00, 0x34, 0xe1, 0x0b, 0x40, 0x91, 0xe0, 0x03, 0x14, 0xaa,
  0x42, 0x01, 0x80, 0x52, 0x21, 0xc0, 0x00, 0x91, 0xff, 0x1b, 0x10, 0xf9,
  0xcf, 0x02, 0x00, 0x94, 0xe8, 0x1b, 0x50, 0xf9, 0xa8, 0x00, 0x00, 0xb4,
  0x1f, 0x01, 0x14, 0xeb, 0x60, 0x00, 0x00, 0x54, 0x08, 0x01, 0x40, 0x39,
  0x28, 0x1f, 0x00, 0x34, 0xc1, 0xff, 0xff, 0xd0, 0x21, 0x40, 0x33, 0x91,
  0xc2, 0xff, 0xff, 0xd0, 0x42, 0x5c, 0x35, 0x91, 0xe3, 0x03, 0x14, 0xaa,
  0x8c, 0xfe, 0xff, 0x17, 0xe3, 0x03, 0x1f, 0xaa, 0x68, 0x02, 0x03, 0x8b,
  0x08, 0x01, 0x10, 0xd1, 0x1f, 0x09, 0x10, 0xb1, 0x28, 0x01, 0x00, 0x54,
  0xc1, 0xff, 0xff, 0xd0, 0x21, 0x40, 0x33, 0x91, 0xc2, 0xff, 0xff, 0xd0,
  0x42, 0x3c, 0x34, 0x91, 0xe4, 0x03, 0x13, 0xaa, 0x05, 0x80, 0x80, 0x52,
  0x30, 0x01, 0x00, 0x94, 0xbe, 0xff, 0xff, 0x17, 0x1f, 0x20, 0x03, 0xd5,
  0x2b, 0x24, 0xfd, 0x10, 0x54, 0x00, 0x00, 0xb0, 0x88, 0x4a, 0x45, 0xf9,
  0x69, 0x79, 0x63, 0xb8, 0x6a, 0x04, 0x00, 0x91, 0x6b, 0x79, 0x6a, 0xb8,
  0xc1, 0xff, 0xff, 0xd0, 0x21, 0xc8, 0x33, 0x91, 0x04, 0x0d, 0x09, 0x8b,
  0x49, 0x00, 0x00, 0xb0, 0xc2, 0xff, 0xff, 0xd0, 0x42, 0x34, 0x3d, 0x91,
  0x05, 0x0d, 0x0b, 0x8b, 0x48, 0x00, 0x00, 0xb0, 0x24, 0x4d, 0x05, 0xf9,
  0x49, 0x00, 0x00, 0xb0, 0xe6, 0x03, 0x13, 0xaa, 0x05, 0x51, 0x05, 0xf9,
  0x2a, 0x55, 0x05, 0xf9, 0x1a, 0x01, 0x00, 0x94, 0x88, 0x4a, 0x45, 0xf9,
  0x68, 0x18, 0x00, 0xb4, 0x48, 0x00, 0x00, 0xb0, 0x49, 0x00, 0x00, 0xb0,
  0x54, 0x00, 0x00, 0xb0, 0x94, 0x22, 0x2b, 0x91, 0x1f, 0xb1, 0x0a, 0xb9,
  0x48, 0x00, 0x00, 0xb0, 0x1f, 0xb9, 0x0a, 0xb9, 0x48, 0x00, 0x00, 0xb0,
  0x56, 0x00, 0x00, 0xb0, 0xd6, 0x32, 0x2b, 0x91, 0x1f, 0x61, 0x05, 0xf9,
  0x57, 0x00, 0x00, 0xb0, 0xf7, 0x42, 0x2b, 0x91, 0x58, 0x00, 0x00, 0xb0,
  0x18, 0x53, 0x2b, 0x91, 0x55, 0x00, 0x00, 0xb0, 0xb5, 0x62, 0x2b, 0x91,
  0x59, 0x00, 0x00, 0xb0, 0x39, 0x73, 0x2b, 0x91, 0x48, 0x00, 0x00, 0xb0,
  0x08, 0x81, 0x2b, 0x91, 0x3f, 0xb5, 0x0a, 0xb9, 0x02, 0x00, 0x00, 0xb0,
  0x42, 0x50, 0x05, 0x91, 0x9f, 0xfe, 0x9f, 0x88, 0xa0, 0x23, 0x02, 0xd1,
  0xe1, 0x03, 0x1f, 0xaa, 0xdf, 0xfe, 0x9f, 0x88, 0xe3, 0x03, 0x1f, 0xaa,
  0xff, 0xfe, 0x9f, 0x88, 0x1f, 0xff, 0x9f, 0x88, 0xbf, 0xfe, 0x9f, 0x88,
  0x3f, 0xff, 0x9f, 0x88, 0x1f, 0xfd, 0x9f, 0x88, 0x48, 0x00, 0x00, 0xb0,
  0x08, 0x91, 0x2b, 0x91, 0x1f, 0xfd, 0x9f, 0x88, 0x7d, 0x02, 0x00, 0x94,
  0x88, 0xfe, 0xdf, 0x88, 0x88, 0x00, 0x00, 0x35, 0x7e, 0x02, 0x00, 0x94,
  0x88, 0xfe, 0xdf, 0x88, 0xc8, 0xff, 0xff, 0x34, 0xe0, 0x0b, 0x40, 0x91,
  0x02, 0x00, 0x00, 0xb0, 0x42, 0xa0, 0x0f, 0x91, 0x00, 0xc0, 0x00, 0x91,
  0xe1, 0x03, 0x1f, 0xaa, 0xe3, 0x03, 0x1f, 0xaa, 0x71, 0x02, 0x00, 0x94,
  0x02, 0x00, 0x00, 0x14, 0x73, 0x02, 0x00, 0x94, 0x88, 0xfe, 0xdf, 0x88,
  0xc8, 0xff, 0xff, 0x34, 0xc8, 0xfe, 0xdf, 0x88, 0x88, 0xff, 0xff, 0x34,
  0xe8, 0xfe, 0xdf, 0x88, 0x48, 0xff, 0xff, 0x34, 0x08, 0xff, 0xdf, 0x88,
  0x08, 0xff, 0xff, 0x34, 0x00, 0xa8, 0x81, 0x52, 0x60, 0x00, 0xa0, 0x72,
  0x30, 0x02, 0x00, 0x94, 0x49, 0x00, 0x00, 0xb0, 0x29, 0xe1, 0x2a, 0x91,
  0x2a, 0x00, 0x80, 0x52, 0xe0, 0x03, 0x09, 0xaa, 0x44, 0x00, 0x00, 0xb0,
  0x84, 0xc0, 0x2a, 0x91, 0x81, 0x11, 0x80, 0x52, 0x22, 0x00, 0x80, 0x52,
  0xe3, 0x03, 0x1f, 0xaa, 0xe5, 0x03, 0x1f, 0xaa, 0x48, 0x0c, 0x80, 0x52,
  0x01, 0x00, 0x00, 0xd4, 0x2a, 0x01, 0x00, 0xb9, 0xf4, 0x03, 0x00, 0xaa,
  0xbf, 0x3b, 0x03, 0xd5, 0xf4, 0x01, 0x00, 0x94, 0x48, 0x00, 0x00, 0xb0,
  0x08, 0x91, 0x2b, 0x91, 0x42, 0x01, 0x80, 0x52, 0x01, 0xfd, 0xdf, 0x88,
  0x57, 0x02, 0x00, 0x94, 0x9f, 0x8e, 0x00, 0xb1, 0x41, 0x0e, 0x00, 0x54,
  0x1f, 0x20, 0x03, 0xd5, 0x01, 0x03, 0xfd, 0x50, 0xc2, 0xff, 0xff, 0xf0,
  0x42, 0x48, 0x01, 0x91, 0xbd, 0x00, 0x00, 0x94, 0xa8, 0xfe, 0xdf, 0x88,
  0xe8, 0xff, 0xff, 0x34, 0x48, 0x00, 0x00, 0xb0, 0x08, 0x91, 0x2b, 0x91,
  0x4a, 0x00, 0x00, 0xb0, 0x08, 0xfd, 0xdf, 0x88, 0x49, 0x61, 0x45, 0xf9,
  0xff, 0x23, 0x20, 0xb9, 0xe2, 0x0b, 0x40, 0x91, 0xe3, 0x03, 0x1f, 0xaa,
  0x3f, 0x01, 0x00, 0xf1, 0x69, 0x00, 0x80, 0x52, 0x00, 0x7d, 0x40, 0x93,
  0x21, 0x01, 0x9f, 0x9a, 0x42, 0x80, 0x00, 0x91, 0xe8, 0x0e, 0x80, 0x52,
  0x01, 0x00, 0x00, 0xd4, 0x41, 0x61, 0x05, 0xf9, 0x00, 0x0e, 0xf8, 0xb7,
  0x00, 0xd4, 0x90, 0x52, 0x20, 0x00, 0xa0, 0x72, 0xfe, 0x01, 0x00, 0x94,
  0x7f, 0x06, 0x00, 0xf1, 0xf4, 0x03, 0x1f, 0xaa, 0xd5, 0xff, 0xff, 0xd0,
  0xb5, 0xca, 0x33, 0x91, 0x7b, 0x86, 0x9f, 0x9a, 0x5c, 0x00, 0x00, 0xb0,
  0x9c, 0x03, 0x2c, 0x91, 0x56, 0x00, 0x00, 0xb0, 0x7a, 0x00, 0x80, 0x52,
  0xd7, 0xff, 0xff, 0xd0, 0xf7, 0x32, 0x37, 0x91, 0x03, 0x00, 0x00, 0x14,
  0x9f, 0x02, 0x1b, 0xeb, 0x40, 0x0a, 0x00, 0x54, 0xe8, 0x83, 0x00, 0x91,
  0xe1, 0x03, 0x15, 0xaa, 0xc2, 0xff, 0xff, 0xd0, 0x42, 0x04, 0x3e, 0x91,
  0x08, 0x11, 0x14, 0x8b, 0xe3, 0x03, 0x14, 0xaa, 0x18, 0x65, 0x40, 0xa9,
  0xe4, 0x03, 0x18, 0xaa, 0xe5, 0x03, 0x19, 0xaa, 0x8f, 0x00, 0x00, 0x94,
  0x08, 0xf7, 0x7e, 0x92, 0x49, 0x00, 0x00, 0xb0, 0x39, 0x7d, 0x05, 0xf9,
  0x08, 0x21, 0x00, 0xd1, 0x49, 0x00, 0x00, 0xb0, 0x28, 0x79, 0x05, 0xf9,
  0x48, 0x00, 0x00, 0xb0, 0x29, 0x00, 0x80, 0x52, 0x9f, 0xff, 0x9f, 0x88,
  0x09, 0xe9, 0x0a, 0xb9, 0xbf, 0x3b, 0x03, 0xd5, 0x88, 0x03, 0x40, 0xb9,
  0x88, 0x00, 0x00, 0x35, 0x10, 0x02, 0x00, 0x94, 0xc8, 0x02, 0x4b, 0xb9,
  0xc8, 0xff, 0xff, 0x34, 0x48, 0x00, 0x00, 0xb0, 0x08, 0x91, 0x2b, 0x91,
  0x4a, 0x00, 0x00, 0xb0, 0x08, 0xfd, 0xdf, 0x88, 0x49, 0x61, 0x45, 0xf9,
  0xe2, 0x0b, 0x40, 0x91, 0xff, 0x23, 0x20, 0xb9, 0x42, 0x80, 0x00, 0x91,
  0xe3, 0x03, 0x1f, 0xaa, 0x3f, 0x01, 0x00, 0xf1, 0x00, 0x7d, 0x40, 0x93,
  0xe8, 0x0e, 0x80, 0x52, 0x41, 0x03, 0x9f, 0x9a, 0x01, 0x00, 0x00, 0xd4,
  0xe2, 0x03, 0x17, 0xaa, 0x41, 0x61, 0x05, 0xf9, 0xe1, 0x03, 0x15, 0xaa,
  0xe3, 0x03, 0x00, 0xaa, 0xe4, 0x03, 0x19, 0xaa, 0xe5, 0x03, 0x18, 0xaa,
  0x6a, 0x00, 0x00, 0x94, 0x4b, 0x00, 0x00, 0xb0, 0x1f, 0x20, 0x03, 0xd5,
  0x6a, 0x0b, 0xfd, 0x10, 0x68, 0x55, 0x45, 0xf9, 0x94, 0x06, 0x00, 0x91,
  0x09, 0x05, 0x00, 0x91, 0x3f, 0xfd, 0x0f, 0xf1, 0x49, 0x00, 0x00, 0xb0,
  0xe8, 0x87, 0x88, 0x9a, 0x29, 0x49, 0x45, 0xf9, 0x9f, 0x02, 0x13, 0xeb,
  0x4a, 0x79, 0x68, 0xb8, 0x68, 0x55, 0x05, 0xf9, 0x48, 0x00, 0x00, 0xb0,
  0x29, 0x0d, 0x0a, 0x8b, 0x09, 0x51, 0x05, 0xf9, 0xe2, 0xf7, 0xff, 0x54,
  0x00, 0x7d, 0x80, 0x52, 0xae, 0x01, 0x00, 0x94, 0xbc, 0xff, 0xff, 0x17,
  0xc1, 0xff, 0xff, 0xd0, 0x21, 0x40, 0x33, 0x91, 0xc2, 0xff, 0xff, 0xd0,
  0x42, 0x70, 0x3c, 0x91, 0xdf, 0xfe, 0xff, 0x17, 0x94, 0x03, 0xf8, 0xb7,
  0xc1, 0xff, 0xff, 0xd0, 0x21, 0x40, 0x33, 0x91, 0xc2, 0xff, 0xff, 0xf0,
  0x42, 0x40, 0x00, 0x91, 0x4b, 0x00, 0x00, 0x94, 0x1e, 0x00, 0x00, 0x14,
  0xe3, 0x03, 0x00, 0xaa, 0x0e, 0xff, 0xff, 0x17, 0x00, 0xd4, 0x90, 0x52,
  0x20, 0x00, 0xa0, 0x72, 0x9c, 0x01, 0x00, 0x94, 0xc1, 0xff, 0xff, 0xd0,
  0x21, 0xe0, 0x39, 0x91, 0xc2, 0xff, 0xff, 0xd0, 0x42, 0x1c, 0x3a, 0x91,
  0xe3, 0x03, 0x13, 0xaa, 0x3f, 0x00, 0x00, 0x94, 0xf3, 0x03, 0x1f, 0x2a,
  0x59, 0x00, 0x00, 0xb0, 0x39, 0x73, 0x2b, 0x91, 0x10, 0x00, 0x00, 0x14,
  0xc1, 0xff, 0xff, 0xd0, 0x21, 0x40, 0x33, 0x91, 0xc2, 0xff, 0xff, 0xd0,
  0x42, 0x04, 0x34, 0x91, 0x36, 0x00, 0x00, 0x94, 0x09, 0x00, 0x00, 0x14,
  0xe0, 0x03, 0x14, 0x4b, 0x7a, 0x01, 0x00, 0x94, 0xc1, 0xff, 0xff, 0xd0,
  0x21, 0x40, 0x33, 0x91, 0xc2, 0xff, 0xff, 0xd0, 0x42, 0x20, 0x01, 0x91,
  0xe3, 0x03, 0x00, 0xaa, 0x2d, 0x00, 0x00, 0x94, 0x33, 0x00, 0x80, 0x52,
  0x28, 0x00, 0x80, 0x52, 0xe1, 0x03, 0x1f, 0xaa, 0x28, 0xff, 0x9f, 0x88,
  0xa0, 0x83, 0x57, 0xf8, 0xbe, 0x01, 0x00, 0x94, 0xe0, 0x1b, 0x50, 0xf9,
  0xe1, 0x03, 0x1f, 0xaa, 0xbb, 0x01, 0x00, 0x94, 0xe0, 0x03, 0x13, 0x2a,
  0xb2, 0xfe, 0xff, 0x17, 0xa0, 0x03, 0x57, 0xb8, 0x73, 0x01, 0x00, 0x94,
  0xa0, 0x23, 0x02, 0xd1, 0x01, 0x01, 0xa0, 0x52, 0x68, 0x01, 0x00, 0x94,
  0xe0, 0x02, 0xf8, 0x37, 0xe1, 0x0b, 0x40, 0x91, 0x02, 0x00, 0x82, 0x52,
  0xf3, 0x03, 0x00, 0x2a, 0x21, 0xc0, 0x00, 0x91, 0x8e, 0x01, 0x00, 0x94,
  0x1f, 0x04, 0x00, 0xf1, 0xcb, 0x01, 0x00, 0x54, 0xe2, 0x03, 0x00, 0xaa,
  0xa0, 0x43, 0x57, 0xb8, 0xe1, 0x0b, 0x40, 0x91, 0x21, 0xc0, 0x00, 0x91,
  0x5f, 0x01, 0x00, 0x94, 0xe1, 0x0b, 0x40, 0x91, 0xe0, 0x03, 0x13, 0x2a,
  0x02, 0x00, 0x82, 0x52, 0x21, 0xc0, 0x00, 0x91, 0x82, 0x01, 0x00, 0x94,
  0xe2, 0x03, 0x00, 0xaa, 0x1f, 0x00, 0x00, 0xf1, 0xac, 0xfe, 0xff, 0x54,
  0xe0, 0x03, 0x13, 0x2a, 0x59, 0x01, 0x00, 0x94, 0xa0, 0x43, 0x57, 0xb8,
  0x57, 0x01, 0x00, 0x94, 0xe0, 0x03, 0x1f, 0x2a, 0x9d, 0x01, 0x00, 0x94,
  0xc0, 0x03, 0x5f, 0xd6, 0xfd, 0x7b, 0xbe, 0xa9, 0xfc, 0x4f, 0x01, 0xa9,
  0xfd, 0x03, 0x00, 0x91, 0xff, 0xc3, 0x13, 0xd1, 0xe8, 0x04, 0x80, 0x92,
  0xe9, 0x03, 0x00, 0x91, 0xea, 0x23, 0x02, 0x91, 0x08, 0xf0, 0xdf, 0xf2,
  0x29, 0x01, 0x02, 0x91, 0xe0, 0x07, 0x00, 0xad, 0xe9, 0x23, 0x0e, 0xa9,
  0x48, 0xa1, 0x00, 0x91, 0xa9, 0x83, 0x00, 0x91, 0xe9, 0x23, 0x0d, 0xa9,
  0xf3, 0x03, 0x01, 0xaa, 0xe0, 0xc3, 0x03, 0x91, 0xe0, 0x87, 0x46, 0xad,
  0xe3, 0x93, 0x08, 0xa9, 0xe3, 0xc3, 0x02, 0x91, 0x01, 0x80, 0x80, 0x52,
  0xe5, 0x9b, 0x09, 0xa9, 0xe7, 0x57, 0x00, 0xf9, 0xe2, 0x0f, 0x01, 0xad,
  0xe4, 0x17, 0x02, 0xad, 0xe6, 0x1f, 0x03, 0xad, 0xe0, 0x87, 0x05, 0xad,
  0x85, 0x01, 0x00, 0x94, 0xc0, 0xff, 0xff, 0xb0, 0x00, 0xc4, 0x35, 0x91,
  0xe2, 0xc3, 0x03, 0x91, 0xe1, 0x03, 0x13, 0xaa, 0x84, 0x01, 0x00, 0x94,
  0xff, 0xc3, 0x13, 0x91, 0xfc, 0x4f, 0x41, 0xa9, 0xfd, 0x7b, 0xc2, 0xa8,
  0xc0, 0x03, 0x5f, 0xd6, 0xff, 0x03, 0x05, 0xd1, 0xfd, 0x7b, 0x0f, 0xa9,
  0xfc, 0x67, 0x10, 0xa9, 0xf8, 0x5f, 0x11, 0xa9, 0xf6, 0x57, 0x12, 0xa9,
  0xf4, 0x4f, 0x13, 0xa9, 0xfd, 0xc3, 0x03, 0x91, 0x40, 0x16, 0x80, 0x52,
  0x7b, 0x01, 0x00, 0x94, 0x49, 0x00, 0x00, 0x90, 0x29, 0x91, 0x2b, 0x91,
  0x48, 0x00, 0x00, 0x90, 0x08, 0xd1, 0x2a, 0x91, 0x20, 0xfd, 0x9f, 0x88,
  0xc1, 0x10, 0x80, 0x52, 0xe0, 0x03, 0x08, 0xaa, 0xe2, 0x03, 0x1f, 0xaa,
  0xe3, 0x03, 0x1f, 0xaa, 0xe4, 0x03, 0x1f, 0xaa, 0xe5, 0x03, 0x1f, 0xaa,
  0x48, 0x0c, 0x80, 0x52, 0x01, 0x00, 0x00, 0xd4, 0x40, 0x01, 0x00, 0xb4,
  0xe0, 0x03, 0x00, 0x4b, 0x0b, 0x01, 0x00, 0x94, 0xc1, 0xff, 0xff, 0xb0,
  0x21, 0x40, 0x33, 0x91, 0xc2, 0xff, 0xff, 0xb0, 0x42, 0x8c, 0x3b, 0x91,
  0xe3, 0x03, 0x00, 0xaa, 0xbe, 0xff, 0xff, 0x97, 0x7e, 0x00, 0x00, 0x14,
  0x33, 0x00, 0x80, 0x52, 0x48, 0x00, 0x00, 0x90, 0x08, 0x21, 0x2b, 0x91,
  0x13, 0xfd, 0x9f, 0x88, 0x55, 0x00, 0x00, 0x90, 0xb5, 0x32, 0x2b, 0x91,
  0xa8, 0xfe, 0xdf, 0x88, 0xf4, 0x83, 0x01, 0x91, 0x88, 0x00, 0x00, 0x35,
  0x42, 0x01, 0x00, 0x94, 0xa8, 0xfe, 0xdf, 0x88, 0xc8, 0xff, 0xff, 0x34,
  0x48, 0x00, 0x00, 0x90, 0x08, 0x41, 0x2b, 0x91, 0x40, 0x00, 0x00, 0x90,
  0x00, 0xe0, 0x2a, 0x91, 0x13, 0xfd, 0x9f, 0x88, 0x44, 0x00, 0x00, 0x90,
  0x84, 0xc0, 0x2a, 0x91, 0x61, 0x11, 0x80, 0x52, 0xe2, 0x03, 0x1f, 0xaa,
  0xe3, 0x03, 0x1f, 0xaa, 0xe5, 0x03, 0x1f, 0xaa, 0x48, 0x0c, 0x80, 0x52,
  0x01, 0x00, 0x00, 0xd4, 0x08, 0x00, 0x80, 0x92, 0xa4, 0x23, 0x00, 0xd1,
  0xe0, 0x18, 0x80, 0x52, 0x21, 0x00, 0x80, 0x52, 0x42, 0x00, 0x80, 0x52,
  0xe3, 0x03, 0x1f, 0xaa, 0xa8, 0x83, 0x1f, 0xf8, 0x43, 0x01, 0x00, 0x94,
  0x48, 0x00, 0x00, 0x90, 0x00, 0xe4, 0x00, 0x6f, 0x09, 0x88, 0x9f, 0x52,
  0x08, 0x45, 0x45, 0xf9, 0x29, 0x46, 0xa0, 0x72, 0x4a, 0x00, 0x00, 0x90,
  0xa1, 0x83, 0x5f, 0xb8, 0xe2, 0x83, 0x00, 0x91, 0xa0, 0x21, 0x80, 0x52,
  0x08, 0x01, 0x09, 0x8b, 0x49, 0x4d, 0x45, 0xf9, 0x23, 0x00, 0x80, 0x52,
  0x80, 0x02, 0x02, 0xad, 0xe4, 0x03, 0x1f, 0xaa, 0x80, 0x02, 0x03, 0xad,
  0xe8, 0x27, 0x0a, 0xa9, 0xe8, 0x83, 0x01, 0x91, 0x09, 0x01, 0x80, 0x52,
  0x80, 0x0e, 0x80, 0x3d, 0xe0, 0x83, 0x01, 0xad, 0xe0, 0x83, 0x02, 0xad,
  0xe0, 0x83, 0x03, 0xad, 0xe0, 0x0b, 0x80, 0x3d, 0xe8, 0x27, 0x03, 0xa9,
  0x2a, 0x01, 0x00, 0x94, 0x48, 0x00, 0x00, 0x90, 0x08, 0x61, 0x2b, 0x91,
  0x54, 0x00, 0x00, 0x90, 0x94, 0x72, 0x2b, 0x91, 0x55, 0x00, 0x00, 0x90,
  0x56, 0x00, 0x00, 0x90, 0x57, 0x00, 0x00, 0x90, 0x58, 0x00, 0x00, 0x90,
  0x59, 0x00, 0x00, 0x90, 0x39, 0x03, 0x2c, 0x91, 0x13, 0xfd, 0x9f, 0x88,
  0x03, 0x00, 0x00, 0x14, 0x88, 0xfe, 0xdf, 0x88, 0x48, 0x02, 0x00, 0x35,
  0xa8, 0xea, 0x4a, 0xb9, 0xa8, 0xff, 0xff, 0x34, 0xbf, 0xea, 0x0a, 0xb9,
  0xe2, 0x83, 0x00, 0x91, 0xa0, 0x21, 0x80, 0x52, 0xc8, 0x7a, 0x45, 0xf9,
  0xe9, 0x7e, 0x45, 0xf9, 0xa1, 0x83, 0x5f, 0xb8, 0x23, 0x00, 0x80, 0x52,
  0xe4, 0x03, 0x1f, 0xaa, 0xff, 0x43, 0x00, 0xf9, 0xe8, 0x27, 0x07, 0xa9,
  0x08, 0x53, 0x45, 0xf9, 0xe8, 0x57, 0x00, 0xf9, 0x0d, 0x01, 0x00, 0x94,
  0x33, 0xff, 0x9f, 0x88, 0xee, 0xff, 0xff, 0x17, 0x8e, 0x00, 0x00, 0x94,
  0xe8, 0x03, 0x00, 0x2a, 0xff, 0xff, 0x00, 0xa9, 0xe0, 0x73, 0x00, 0x91,
  0x08, 0x01, 0x01, 0x32, 0xe3, 0x23, 0x00, 0x91, 0x49, 0x00, 0x00, 0x90,
  0x29, 0xd1, 0x2a, 0x91, 0xe8, 0x1f, 0x00, 0xb9, 0xc1, 0x10, 0x80, 0x52,
  0xe2, 0x03, 0x1f, 0xaa, 0xe4, 0x03, 0x1f, 0xaa, 0xe5, 0x03, 0x1f, 0xaa,
  0x48, 0x0c, 0x80, 0x52, 0x01, 0x00, 0x00, 0xd4, 0xe1, 0x10, 0x80, 0x52,
  0xe0, 0x03, 0x09, 0xaa, 0xe2, 0x03, 0x1f, 0xaa, 0xe3, 0x03, 0x1f, 0xaa,
  0xe4, 0x03, 0x1f, 0xaa, 0xe5, 0x03, 0x1f, 0xaa, 0x48, 0x0c, 0x80, 0x52,
  0x01, 0x00, 0x00, 0xd4, 0x53, 0x00, 0x00, 0x90, 0x73, 0x82, 0x2b, 0x91,
  0x68, 0xfe, 0xdf, 0x88, 0x88, 0x00, 0x00, 0x35, 0xd7, 0x00, 0x00, 0x94,
  0x68, 0xfe, 0xdf, 0x88, 0xc8, 0xff, 0xff, 0x34, 0xa0, 0x83, 0x5f, 0xb8,
  0x40, 0x00, 0xf8, 0x37, 0x96, 0x00, 0x00, 0x94, 0xa0, 0xc3, 0x5f, 0xb8,
  0x40, 0x00, 0xf8, 0x37, 0x93, 0x00, 0x00, 0x94, 0xe0, 0x03, 0x1f, 0xaa,
  0xf4, 0x4f, 0x53, 0xa9, 0xf6, 0x57, 0x52, 0xa9, 0xf8, 0x5f, 0x51, 0xa9,
  0xfc, 0x67, 0x50, 0xa9, 0xfd, 0x7b, 0x4f, 0xa9, 0xff, 0x03, 0x05, 0x91,
  0xc0, 0x03, 0x5f, 0xd6, 0xfd, 0x7b, 0xbe, 0xa9, 0xf3, 0x0b, 0x00, 0xf9,
  0xfd, 0x03, 0x00, 0x91, 0x40, 0x16, 0x80, 0x52, 0xda, 0x00, 0x00, 0x94,
  0x53, 0x00, 0x00, 0x90, 0x73, 0x22, 0x2b, 0x91, 0x68, 0xfe, 0xdf, 0x88,
  0x88, 0x00, 0x00, 0x35, 0xbd, 0x00, 0x00, 0x94, 0x68, 0xfe, 0xdf, 0x88,
  0xc8, 0xff, 0xff, 0x34, 0x40, 0x00, 0x00, 0x90, 0x00, 0xc0, 0x2a, 0x91,
  0xc1, 0x10, 0x80, 0x52, 0xe2, 0x03, 0x1f, 0xaa, 0xe3, 0x03, 0x1f, 0xaa,
  0xe4, 0x03, 0x1f, 0xaa, 0xe5, 0x03, 0x1f, 0xaa, 0x48, 0x0c, 0x80, 0x52,
  0x01, 0x00, 0x00, 0xd4, 0xe0, 0x00, 0x00, 0xb4, 0xc1, 0xff, 0xff, 0xb0,
  0x21, 0x40, 0x33, 0x91, 0xc2, 0xff, 0xff, 0xb0, 0x42, 0x08, 0x35, 0x91,
  0x1d, 0xff, 0xff, 0x97, 0x26, 0x00, 0x00, 0x14, 0x2a, 0x00, 0x80, 0x52,
  0x48, 0x00, 0x00, 0x90, 0x08, 0x31, 0x2b, 0x91, 0x0a, 0xfd, 0x9f, 0x88,
  0x48, 0x00, 0x00, 0x90, 0x08, 0x51, 0x2b, 0x91, 0x49, 0x00, 0x00, 0x90,
  0x29, 0xd1, 0x2a, 0x91, 0x0a, 0xfd, 0x9f, 0x88, 0xe0, 0x03, 0x09, 0xaa,
  0xe2, 0x03, 0x1f, 0xaa, 0xe3, 0x03, 0x1f, 0xaa, 0xe4, 0x03, 0x1f, 0xaa,
  0xe5, 0x03, 0x1f, 0xaa, 0xc1, 0x10, 0x80, 0x52, 0x48, 0x0c, 0x80, 0x52,
  0x01, 0x00, 0x00, 0xd4, 0xe1, 0x10, 0x80, 0x52, 0x40, 0x00, 0x00, 0x90,
  0x00, 0xc0, 0x2a, 0x91, 0xe2, 0x03, 0x1f, 0xaa, 0xe3, 0x03, 0x1f, 0xaa,
  0xe4, 0x03, 0x1f, 0xaa, 0xe5, 0x03, 0x1f, 0xaa, 0x48, 0x0c, 0x80, 0x52,
  0x01, 0x00, 0x00, 0xd4, 0xe1, 0x10, 0x80, 0x52, 0xe0, 0x03, 0x09, 0xaa,
  0xe2, 0x03, 0x1f, 0xaa, 0xe3, 0x03, 0x1f, 0xaa, 0xe4, 0x03, 0x1f, 0xaa,
  0xe5, 0x03, 0x1f, 0xaa, 0x48, 0x0c, 0x80, 0x52, 0x01, 0x00, 0x00, 0xd4,
  0x48, 0x00, 0x00, 0x90, 0x08, 0x81, 0x2b, 0x91, 0x0a, 0xfd, 0x9f, 0x88,
  0xe0, 0x03, 0x1f, 0xaa, 0xf3, 0x0b, 0x40, 0xf9, 0xfd, 0x7b, 0xc2, 0xa8,
  0xc0, 0x03, 0x5f, 0xd6, 0x00, 0x00, 0x00, 0x00, 0xf0, 0x7b, 0xbf, 0xa9,
  0x30, 0x00, 0x00, 0x90, 0x11, 0x9a, 0x44, 0xf9, 0x10, 0xc2, 0x24, 0x91,
  0x20, 0x02, 0x1f, 0xd6, 0x1f, 0x20, 0x03, 0xd5, 0x1f, 0x20, 0x03, 0xd5,
  0x1f, 0x20, 0x03, 0xd5, 0x30, 0x00, 0x00, 0x90, 0x11, 0x9e, 0x44, 0xf9,
  0x10, 0xe2, 0x24, 0x91, 0x20, 0x02, 0x1f, 0xd6, 0x30, 0x00, 0x00, 0x90,
  0x11, 0xa2, 0x44, 0xf9, 0x10, 0x02, 0x25, 0x91, 0x20, 0x02, 0x1f, 0xd6,
  0x30, 0x00, 0x00, 0x90, 0x11, 0xa6, 0x44, 0xf9, 0x10, 0x22, 0x25, 0x91,
  0x20, 0x02, 0x1f, 0xd6, 0x30, 0x00, 0x00, 0x90, 0x11, 0xaa, 0x44, 0xf9,
  0x10, 0x42, 0x25, 0x91, 0x20, 0x02, 0x1f, 0xd6, 0x30, 0x00, 0x00, 0x90,
  0x11, 0xae, 0x44, 0xf9, 0x10, 0x62, 0x25, 0x91, 0x20, 0x02, 0x1f, 0xd6,
  0x30, 0x00, 0x00, 0x90, 0x11, 0xb2, 0x44, 0xf9, 0x10, 0x82, 0x25, 0x91,
  0x20, 0x02, 0x1f, 0xd6, 0x30, 0x00, 0x00, 0x90, 0x11, 0xb6, 0x44, 0xf9,
  0x10, 0xa2, 0x25, 0x91, 0x20, 0x02, 0x1f, 0xd6, 0x30, 0x00, 0x00, 0x90,
  0x11, 0xba, 0x44, 0xf9, 0x10, 0xc2, 0x25, 0x91, 0x20, 0x02, 0x1f, 0xd6,
  0x30, 0x00, 0x00, 0x90, 0x11, 0xbe, 0x44, 0xf9, 0x10, 0xe2, 0x25, 0x91,
  0x20, 0x02, 0x1f, 0xd6, 0x30, 0x00, 0x00, 0x90, 0x11, 0xc2, 0x44, 0xf9,
  0x10, 0x02, 0x26, 0x91, 0x20, 0x02, 0x1f, 0xd6, 0x30, 0x00, 0x00, 0x90,
  0x11, 0xc6, 0x44, 0xf9, 0x10, 0x22, 0x26, 0x91, 0x20, 0x02, 0x1f, 0xd6,
  0x30, 0x00, 0x00, 0x90, 0x11, 0xca, 0x44, 0xf9, 0x10, 0x42, 0x26, 0x91,
  0x20, 0x02, 0x1f, 0xd6, 0x30, 0x00, 0x00, 0x90, 0x11, 0xce, 0x44, 0xf9,
  0x10, 0x62, 0x26, 0x91, 0x20, 0x02, 0x1f, 0xd6, 0x30, 0x00, 0x00, 0x90,
  0x11, 0xd2, 0x44, 0xf9, 0x10, 0x82, 0x26, 0x91, 0x20, 0x02, 0x1f, 0xd6,
  0x30, 0x00, 0x00, 0x90, 0x11, 0xd6, 0x44, 0xf9, 0x10, 0xa2, 0x26, 0x91,
  0x20, 0x02, 0x1f, 0xd6, 0x30, 0x00, 0x00, 0x90, 0x11, 0xda, 0x44, 0xf9,
  0x10, 0xc2, 0x26, 0x91, 0x20, 0x02, 0x1f, 0xd6, 0x30, 0x00, 0x00, 0x90,
  0x11, 0xde, 0x44, 0xf9, 0x10, 0xe2, 0x26, 0x91, 0x20, 0x02, 0x1f, 0xd6,
  0x30, 0x00, 0x00, 0x90, 0x11, 0xe2, 0x44, 0xf9, 0x10, 0x02, 0x27, 0x91,
  0x20, 0x02, 0x1f, 0xd6, 0x30, 0x00, 0x00, 0x90, 0x11, 0xe6, 0x44, 0xf9,
  0x10, 0x22, 0x27, 0x91, 0x20, 0x02, 0x1f, 0xd6, 0x30, 0x00, 0x00, 0x90,
  0x11, 0xea, 0x44, 0xf9, 0x10, 0x42, 0x27, 0x91, 0x20, 0x02, 0x1f, 0xd6,
  0x30, 0x00, 0x00, 0x90, 0x11, 0xee, 0x44, 0xf9, 0x10, 0x62, 0x27, 0x91,
  0x20, 0x02, 0x1f, 0xd6, 0x30, 0x00, 0x00, 0x90, 0x11, 0xf2, 0x44, 0xf9,
  0x10, 0x82, 0x27, 0x91, 0x20, 0x02, 0x1f, 0xd6, 0x30, 0x00, 0x00, 0x90,
  0x11, 0xf6, 0x44, 0xf9, 0x10, 0xa2, 0x27, 0x91, 0x20, 0x02, 0x1f, 0xd6,
  0x30, 0x00, 0x00, 0x90, 0x11, 0xfa, 0x44, 0xf9, 0x10, 0xc2, 0x27, 0x91,
  0x20, 0x02, 0x1f, 0xd6, 0x30, 0x00, 0x00, 0x90, 0x11, 0xfe, 0x44, 0xf9,
  0x10, 0xe2, 0x27, 0x91, 0x20, 0x02, 0x1f, 0xd6, 0x30, 0x00, 0x00, 0x90,
  0x11, 0x02, 0x45, 0xf9, 0x10, 0x02, 0x28, 0x91, 0x20, 0x02, 0x1f, 0xd6,
  0x30, 0x00, 0x00, 0x90, 0x11, 0x06, 0x45, 0xf9, 0x10, 0x22, 0x28, 0x91,
  0x20, 0x02, 0x1f, 0xd6, 0x30, 0x00, 0x00, 0x90, 0x11, 0x0a, 0x45, 0xf9,
  0x10, 0x42, 0x28, 0x91, 0x20, 0x02, 0x1f, 0xd6, 0x30, 0x00, 0x00, 0x90,
  0x11, 0x0e, 0x45, 0xf9, 0x10, 0x62, 0x28, 0x91, 0x20, 0x02, 0x1f, 0xd6,
  0x30, 0x00, 0x00, 0x90, 0x11, 0x12, 0x45, 0xf9, 0x10, 0x82, 0x28, 0x91,
  0x20, 0x02, 0x1f, 0xd6, 0x30, 0x00, 0x00, 0x90, 0x11, 0x16, 0x45, 0xf9,
  0x10, 0xa2, 0x28, 0x91, 0x20, 0x02, 0x1f, 0xd6, 0x30, 0x00, 0x00, 0x90,
  0x11, 0x1a, 0x45, 0xf9, 0x10, 0xc2, 0x28, 0x91, 0x20, 0x02, 0x1f, 0xd6,
  0x30, 0x00, 0x00, 0x90, 0x11, 0x1e, 0x45, 0xf9, 0x10, 0xe2, 0x28, 0x91,
  0x20, 0x02, 0x1f, 0xd6, 0x30, 0x00, 0x00, 0x90, 0x11, 0x22, 0x45, 0xf9,
  0x10, 0x02, 0x29, 0x91, 0x20, 0x02, 0x1f, 0xd6, 0x30, 0x00, 0x00, 0x90,
  0x11, 0x26, 0x45, 0xf9, 0x10, 0x22, 0x29, 0x91, 0x20, 0x02, 0x1f, 0xd6,
  0x30, 0x00, 0x00, 0x90, 0x11, 0x2a, 0x45, 0xf9, 0x10, 0x42, 0x29, 0x91,
  0x20, 0x02, 0x1f, 0xd6, 0x30, 0x00, 0x00, 0x90, 0x11, 0x2e, 0x45, 0xf9,
  0x10, 0x62, 0x29, 0x91, 0x20, 0x02, 0x1f, 0xd6, 0x00, 0x00, 0x00, 0x00,
  0x00, 0x00, 0x00, 0x00, 0x00, 0x00, 0x00, 0x00, 0x00, 0x00, 0x00, 0x00,
  0x01, 0x00, 0x00, 0x00, 0x00, 0x00, 0x00, 0x00, 0x45, 0x01, 0x00, 0x00,
  0x00, 0x00, 0x00, 0x00, 0x01, 0x00, 0x00, 0x00, 0x00, 0x00, 0x00, 0x00,
  0x38, 0x01, 0x00, 0x00, 0x00, 0x00, 0x00, 0x00, 0x1e, 0x00, 0x00, 0x00,
  0x00, 0x00, 0x00, 0x00, 0x08, 0x00, 0x00, 0x00, 0x00, 0x00, 0x00, 0x00,
  0xfb, 0xff, 0xff, 0x6f, 0x00, 0x00, 0x00, 0x00, 0x01, 0x00, 0x00, 0x08,
  0x00, 0x00, 0x00, 0x00, 0x15, 0x00, 0x00, 0x00, 0x00, 0x00, 0x00, 0x00,
  0x00, 0x00, 0x00, 0x00, 0x00, 0x00, 0x00, 0x00, 0x07, 0x00, 0x00, 0x00,
  0x00, 0x00, 0x00, 0x00, 0x18, 0x09, 0x00, 0x00, 0x00, 0x00, 0x00, 0x00,
  0x08, 0x00, 0x00, 0x00, 0x00, 0x00, 0x00, 0x00, 0x18, 0x00, 0x00, 0x00,
  0x00, 0x00, 0x00, 0x00, 0x09, 0x00, 0x00, 0x00, 0x00, 0x00, 0x00, 0x00,
  0x18, 0x00, 0x00, 0x00, 0x00, 0x00, 0x00, 0x00, 0x00, 0xe0, 0xff, 0x6f,
  0x00, 0x00, 0x00, 0x00, 0x30, 0x09, 0x00, 0x00, 0x00, 0x00, 0x00, 0x00,
  0x01, 0xe0, 0xff, 0x6f, 0x00, 0x00, 0x00, 0x00, 0x18, 0x00, 0x00, 0x00,
  0x00, 0x00, 0x00, 0x00, 0x03, 0xe0, 0xff, 0x6f, 0x00, 0x00, 0x00, 0x00,
  0x08, 0x00, 0x00, 0x00, 0x00, 0x00, 0x00, 0x00, 0x17, 0x00, 0x00, 0x00,
  0x00, 0x00, 0x00, 0x00, 0x48, 0x09, 0x00, 0x00, 0x00, 0x00, 0x00, 0x00,
  0x02, 0x00, 0x00, 0x00, 0x00, 0x00, 0x00, 0x00, 0x78, 0x03, 0x00, 0x00,
  0x00, 0x00, 0x00, 0x00, 0x03, 0x00, 0x00, 0x00, 0x00, 0x00, 0x00, 0x00,
  0x20, 0xb9, 0x00, 0x00, 0x00, 0x00, 0x00, 0x00, 0x14, 0x00, 0x00, 0x00,
  0x00, 0x00, 0x00, 0x00, 0x07, 0x00, 0x00, 0x00, 0x00, 0x00, 0x00, 0x00,
  0x06, 0x00, 0x00, 0x00, 0x00, 0x00, 0x00, 0x00, 0x90, 0x03, 0x00, 0x00,
  0x00, 0x00, 0x00, 0x00, 0x0b, 0x00, 0x00, 0x00, 0x00, 0x00, 0x00, 0x00,
  0x18, 0x00, 0x00, 0x00, 0x00, 0x00, 0x00, 0x00, 0x05, 0x00, 0x00, 0x00,
  0x00, 0x00, 0x00, 0x00, 0xc4, 0x07, 0x00, 0x00, 0x00, 0x00, 0x00, 0x00,
  0x0a, 0x00, 0x00, 0x00, 0x00, 0x00, 0x00, 0x00, 0x4e, 0x01, 0x00, 0x00,
  0x00, 0x00, 0x00, 0x00, 0xf5, 0xfe, 0xff, 0x6f, 0x00, 0x00, 0x00, 0x00,
  0xa8, 0x07, 0x00, 0x00, 0x00, 0x00, 0x00, 0x00, 0xf0, 0xff, 0xff, 0x6f,
  0x00, 0x00, 0x00, 0x00, 0x38, 0x07, 0x00, 0x00, 0x00, 0x00, 0x00, 0x00,
  0xfe, 0xff, 0xff, 0x6f, 0x00, 0x00, 0x00, 0x00, 0x88, 0x07, 0x00, 0x00,
  0x00, 0x00, 0x00, 0x00, 0xff, 0xff, 0xff, 0x6f, 0x00, 0x00, 0x00, 0x00,
  0x01, 0x00, 0x00, 0x00, 0x00, 0x00, 0x00, 0x00, 0x00, 0x00, 0x00, 0x00,
  0x00, 0x00, 0x00, 0x00, 0x00, 0x00, 0x00, 0x00, 0x00, 0x00, 0x00, 0x00,
  0x00, 0x00, 0x00, 0x00, 0x00, 0x00, 0x00, 0x00, 0x00, 0x00, 0x00, 0x00,
  0x00, 0x00, 0x00, 0x00, 0xf0, 0x63, 0x00, 0x00, 0x00, 0x00, 0x00, 0x00,
  0x00, 0x00, 0x00, 0x00, 0x00, 0x00, 0x00, 0x00, 0x00, 0x00, 0x00, 0x00,
  0x00, 0x00, 0x00, 0x00, 0x00, 0x00, 0x00, 0x00, 0x00, 0x00, 0x00, 0x00,
  0x00, 0x00, 0x00, 0x00, 0x00, 0x00, 0x00, 0x00, 0x00, 0x75, 0x00, 0x00,
  0x00, 0x00, 0x00, 0x00, 0x00, 0x75, 0x00, 0x00, 0x00, 0x00, 0x00, 0x00,
  0x00, 0x75, 0x00, 0x00, 0x00, 0x00, 0x00, 0x00, 0x00, 0x75, 0x00, 0x00,
  0x00, 0x00, 0x00, 0x00, 0x00, 0x75, 0x00, 0x00, 0x00, 0x00, 0x00, 0x00,
  0x00, 0x75, 0x00, 0x00, 0x00, 0x00, 0x00, 0x00, 0x00, 0x75, 0x00, 0x00,
  0x00, 0x00, 0x00, 0x00, 0x00, 0x75, 0x00, 0x00, 0x00, 0x00, 0x00, 0x00,
  0x00, 0x75, 0x00, 0x00, 0x00, 0x00, 0x00, 0x00, 0x00, 0x75, 0x00, 0x00,
  0x00, 0x00, 0x00, 0x00, 0x00, 0x75, 0x00, 0x00, 0x00, 0x00, 0x00, 0x00,
  0x00, 0x75, 0x00, 0x00, 0x00, 0x00, 0x00, 0x00, 0x00, 0x75, 0x00, 0x00,
  0x00, 0x00, 0x00, 0x00, 0x00, 0x75, 0x00, 0x00, 0x00, 0x00, 0x00, 0x00,
  0x00, 0x75, 0x00, 0x00, 0x00, 0x00, 0x00, 0x00, 0x00, 0x75, 0x00, 0x00,
  0x00, 0x00, 0x00, 0x00, 0x00, 0x75, 0x00, 0x00, 0x00, 0x00, 0x00, 0x00,
  0x00, 0x75, 0x00, 0x00, 0x00, 0x00, 0x00, 0x00, 0x00, 0x75, 0x00, 0x00,
  0x00, 0x00, 0x00, 0x00, 0x00, 0x75, 0x00, 0x00, 0x00, 0x00, 0x00, 0x00,
  0x00, 0x75, 0x00, 0x00, 0x00, 0x00, 0x00, 0x00, 0x00, 0x75, 0x00, 0x00,
  0x00, 0x00, 0x00, 0x00, 0x00, 0x75, 0x00, 0x00, 0x00, 0x00, 0x00, 0x00,
  0x00, 0x75, 0x00, 0x00, 0x00, 0x00, 0x00, 0x00, 0x00, 0x75, 0x00, 0x00,
  0x00, 0x00, 0x00, 0x00, 0x00, 0x75, 0x00, 0x00, 0x00, 0x00, 0x00, 0x00,
  0x00, 0x75, 0x00, 0x00, 0x00, 0x00, 0x00, 0x00, 0x00, 0x75, 0x00, 0x00,
  0x00, 0x00, 0x00, 0x00, 0x00, 0x75, 0x00, 0x00, 0x00, 0x00, 0x00, 0x00,
  0x00, 0x75, 0x00, 0x00, 0x00, 0x00, 0x00, 0x00, 0x00, 0x75, 0x00, 0x00,
  0x00, 0x00, 0x00, 0x00, 0x00, 0x75, 0x00, 0x00, 0x00, 0x00, 0x00, 0x00,
  0x00, 0x75, 0x00, 0x00, 0x00, 0x00, 0x00, 0x00, 0x00, 0x75, 0x00, 0x00,
  0x00, 0x00, 0x00, 0x00, 0x00, 0x75, 0x00, 0x00, 0x00, 0x00, 0x00, 0x00,
  0x00, 0x75, 0x00, 0x00, 0x00, 0x00, 0x00, 0x00, 0x00, 0x75, 0x00, 0x00,
  0x00, 0x00, 0x00, 0x00, 0xff, 0xff, 0xff, 0xff, 0xff, 0xff, 0xff, 0xff,
  0x9c, 0x63, 0x00, 0x00, 0x00, 0x00, 0x00, 0x00, 0x00, 0x00, 0x00, 0x00,
  0x00, 0x00, 0x00, 0x00, 0x00, 0x2e, 0x74, 0x65, 0x78, 0x74, 0x00, 0x2e,
  0x67, 0x6f, 0x74, 0x00, 0x2e, 0x6e, 0x6f, 0x74, 0x65, 0x2e, 0x61, 0x6e,
  0x64, 0x72, 0x6f, 0x69, 0x64, 0x2e, 0x69, 0x64, 0x65, 0x6e, 0x74, 0x00,
  0x2e, 0x67, 0x6f, 0x74, 0x2e, 0x70, 0x6c, 0x74, 0x00, 0x2e, 0x72, 0x65,
  0x6c, 0x61, 0x2e, 0x70, 0x6c, 0x74, 0x00, 0x2e, 0x62, 0x73, 0x73, 0x00,
  0x2e, 0x64, 0x79, 0x6e, 0x73, 0x74, 0x72, 0x00, 0x2e, 0x65, 0x68, 0x5f,
  0x66, 0x72, 0x61, 0x6d, 0x65, 0x5f, 0x68, 0x64, 0x72, 0x00, 0x2e, 0x67,
  0x6e, 0x75, 0x2e, 0x76, 0x65, 0x72, 0x73, 0x69, 0x6f, 0x6e, 0x5f, 0x72,
  0x00, 0x2e, 0x69, 0x6e, 0x74, 0x65, 0x72, 0x70, 0x00, 0x2e, 0x72, 0x65,
  0x6c, 0x72, 0x2e, 0x64, 0x79, 0x6e, 0x00, 0x2e, 0x72, 0x65, 0x6c, 0x61,
  0x2e, 0x64, 0x79, 0x6e, 0x00, 0x2e, 0x67, 0x6e, 0x75, 0x2e, 0x76, 0x65,
  0x72, 0x73, 0x69, 0x6f, 0x6e, 0x00, 0x2e, 0x64, 0x79, 0x6e, 0x73, 0x79,
  0x6d, 0x00, 0x2e, 0x67, 0x6e, 0x75, 0x2e, 0x68, 0x61, 0x73, 0x68, 0x00,
  0x2e, 0x72, 0x65, 0x6c, 0x72, 0x6f, 0x5f, 0x70, 0x61, 0x64, 0x64, 0x69,
  0x6e, 0x67, 0x00, 0x2e, 0x65, 0x68, 0x5f, 0x66, 0x72, 0x61, 0x6d, 0x65,
  0x00, 0x2e, 0x64, 0x79, 0x6e, 0x61, 0x6d, 0x69, 0x63, 0x00, 0x2e, 0x73,
  0x68, 0x73, 0x74, 0x72, 0x74, 0x61, 0x62, 0x00, 0x2e, 0x74, 0x64, 0x61,
  0x74, 0x61, 0x00, 0x2e, 0x72, 0x6f, 0x64, 0x61, 0x74, 0x61, 0x00, 0x2e,
  0x64, 0x61, 0x74, 0x61, 0x00, 0x00, 0x00, 0x00, 0x00, 0x00, 0x00, 0x00,
  0x00, 0x00, 0x00, 0x00, 0x00, 0x00, 0x00, 0x00, 0x00, 0x00, 0x00, 0x00,
  0x00, 0x00, 0x00, 0x00, 0x00, 0x00, 0x00, 0x00, 0x00, 0x00, 0x00, 0x00,
  0x00, 0x00, 0x00, 0x00, 0x00, 0x00, 0x00, 0x00, 0x00, 0x00, 0x00, 0x00,
  0x00, 0x00, 0x00, 0x00, 0x00, 0x00, 0x00, 0x00, 0x00, 0x00, 0x00, 0x00,
  0x00, 0x00, 0x00, 0x00, 0x00, 0x00, 0x00, 0x00, 0x00, 0x00, 0x00, 0x00,
  0x00, 0x00, 0x00, 0x00, 0x5d, 0x00, 0x00, 0x00, 0x01, 0x00, 0x00, 0x00,
  0x02, 0x00, 0x00, 0x00, 0x00, 0x00, 0x00, 0x00, 0xe0, 0x02, 0x00, 0x00,
  0x00, 0x00, 0x00, 0x00, 0xe0, 0x02, 0x00, 0x00, 0x00, 0x00, 0x00, 0x00,
  0x15, 0x00, 0x00, 0x00, 0x00, 0x00, 0x00, 0x00, 0x00, 0x00, 0x00, 0x00,
  0x00, 0x00, 0x00, 0x00, 0x01, 0x00, 0x00, 0x00, 0x00, 0x00, 0x00, 0x00,
  0x00, 0x00, 0x00, 0x00, 0x00, 0x00, 0x00, 0x00, 0x0c, 0x00, 0x00, 0x00,
  0x07, 0x00, 0x00, 0x00, 0x02, 0x00, 0x00, 0x00, 0x00, 0x00, 0x00, 0x00,
  0xf8, 0x02, 0x00, 0x00, 0x00, 0x00, 0x00, 0x00, 0xf8, 0x02, 0x00, 0x00,
  0x00, 0x00, 0x00, 0x00, 0x98, 0x00, 0x00, 0x00, 0x00, 0x00, 0x00, 0x00,
  0x00, 0x00, 0x00, 0x00, 0x00, 0x00, 0x00, 0x00, 0x04, 0x00, 0x00, 0x00,
  0x00, 0x00, 0x00, 0x00, 0x00, 0x00, 0x00, 0x00, 0x00, 0x00, 0x00, 0x00,
  0x86, 0x00, 0x00, 0x00, 0x0b, 0x00, 0x00, 0x00, 0x02, 0x00, 0x00, 0x00,
  0x00, 0x00, 0x00, 0x00, 0x90, 0x03, 0x00, 0x00, 0x00, 0x00, 0x00, 0x00,
  0x90, 0x03, 0x00, 0x00, 0x00, 0x00, 0x00, 0x00, 0xa8, 0x03, 0x00, 0x00,
  0x00, 0x00, 0x00, 0x00, 0x07, 0x00, 0x00, 0x00, 0x01, 0x00, 0x00, 0x00,
  0x08, 0x00, 0x00, 0x00, 0x00, 0x00, 0x00, 0x00, 0x18, 0x00, 0x00, 0x00,
  0x00, 0x00, 0x00, 0x00, 0x79, 0x00, 0x00, 0x00, 0xff, 0xff, 0xff, 0x6f,
  0x02, 0x00, 0x00, 0x00, 0x00, 0x00, 0x00, 0x00, 0x38, 0x07, 0x00, 0x00,
  0x00, 0x00, 0x00, 0x00, 0x38, 0x07, 0x00, 0x00, 0x00, 0x00, 0x00, 0x00,
  0x4e, 0x00, 0x00, 0x00, 0x00, 0x00, 0x00, 0x00, 0x03, 0x00, 0x00, 0x00,
  0x00, 0x00, 0x00, 0x00, 0x02, 0x00, 0x00, 0x00, 0x00, 0x00, 0x00, 0x00,
  0x02, 0x00, 0x00, 0x00, 0x00, 0x00, 0x00, 0x00, 0x4e, 0x00, 0x00, 0x00,
  0xfe, 0xff, 0xff, 0x6f, 0x02, 0x00, 0x00, 0x00, 0x00, 0x00, 0x00, 0x00,
  0x88, 0x07, 0x00, 0x00, 0x00, 0x00, 0x00, 0x00, 0x88, 0x07, 0x00, 0x00,
  0x00, 0x00, 0x00, 0x00, 0x20, 0x00, 0x00, 0x00, 0x00, 0x00, 0x00, 0x00,
  0x07, 0x00, 0x00, 0x00, 0x01, 0x00, 0x00, 0x00, 0x04, 0x00, 0x00, 0x00,
  0x00, 0x00, 0x00, 0x00, 0x00, 0x00, 0x00, 0x00, 0x00, 0x00, 0x00, 0x00,
  0x8e, 0x00, 0x00, 0x00, 0xf6, 0xff, 0xff, 0x6f, 0x02, 0x00, 0x00, 0x00,
  0x00, 0x00, 0x00, 0x00, 0xa8, 0x07, 0x00, 0x00, 0x00, 0x00, 0x00, 0x00,
  0xa8, 0x07, 0x00, 0x00, 0x00, 0x00, 0x00, 0x00, 0x1c, 0x00, 0x00, 0x00,
  0x00, 0x00, 0x00, 0x00, 0x03, 0x00, 0x00, 0x00, 0x00, 0x00, 0x00, 0x00,
  0x08, 0x00, 0x00, 0x00, 0x00, 0x00, 0x00, 0x00, 0x00, 0x00, 0x00, 0x00,
  0x00, 0x00, 0x00, 0x00, 0x38, 0x00, 0x00, 0x00, 0x03, 0x00, 0x00, 0x00,
  0x02, 0x00, 0x00, 0x00, 0x00, 0x00, 0x00, 0x00, 0xc4, 0x07, 0x00, 0x00,
  0x00, 0x00, 0x00, 0x00, 0xc4, 0x07, 0x00, 0x00, 0x00, 0x00, 0x00, 0x00,
  0x4e, 0x01, 0x00, 0x00, 0x00, 0x00, 0x00, 0x00, 0x00, 0x00, 0x00, 0x00,
  0x00, 0x00, 0x00, 0x00, 0x01, 0x00, 0x00, 0x00, 0x00, 0x00, 0x00, 0x00,
  0x00, 0x00, 0x00, 0x00, 0x00, 0x00, 0x00, 0x00, 0x6f, 0x00, 0x00, 0x00,
  0x04, 0x00, 0x00, 0x00, 0x02, 0x00, 0x00, 0x00, 0x00, 0x00, 0x00, 0x00,
  0x18, 0x09, 0x00, 0x00, 0x00, 0x00, 0x00, 0x00, 0x18, 0x09, 0x00, 0x00,
  0x00, 0x00, 0x00, 0x00, 0x18, 0x00, 0x00, 0x00, 0x00, 0x00, 0x00, 0x00,
  0x03, 0x00, 0x00, 0x00, 0x00, 0x00, 0x00, 0x00, 0x08, 0x00, 0x00, 0x00,
  0x00, 0x00, 0x00, 0x00, 0x18, 0x00, 0x00, 0x00, 0x00, 0x00, 0x00, 0x00,
  0x65, 0x00, 0x00, 0x00, 0x00, 0xff, 0xff, 0x6f, 0x02, 0x00, 0x00, 0x00,
  0x00, 0x00, 0x00, 0x00, 0x30, 0x09, 0x00, 0x00, 0x00, 0x00, 0x00, 0x00,
  0x30, 0x09, 0x00, 0x00, 0x00, 0x00, 0x00, 0x00, 0x18, 0x00, 0x00, 0x00,
  0x00, 0x00, 0x00, 0x00, 0x00, 0x00, 0x00, 0x00, 0x00, 0x00, 0x00, 0x00,
  0x08, 0x00, 0x00, 0x00, 0x00, 0x00, 0x00, 0x00, 0x08, 0x00, 0x00, 0x00,
  0x00, 0x00, 0x00, 0x00, 0x29, 0x00, 0x00, 0x00, 0x04, 0x00, 0x00, 0x00,
  0x42, 0x00, 0x00, 0x00, 0x00, 0x00, 0x00, 0x00, 0x48, 0x09, 0x00, 0x00,
  0x00, 0x00, 0x00, 0x00, 0x48, 0x09, 0x00, 0x00, 0x00, 0x00, 0x00, 0x00,
  0x78, 0x03, 0x00, 0x00, 0x00, 0x00, 0x00, 0x00, 0x03, 0x00, 0x00, 0x00,
  0x13, 0x00, 0x00, 0x00, 0x08, 0x00, 0x00, 0x00, 0x00, 0x00, 0x00, 0x00,
  0x18, 0x00, 0x00, 0x00, 0x00, 0x00, 0x00, 0x00, 0xcb, 0x00, 0x00, 0x00,
  0x01, 0x00, 0x00, 0x00, 0x32, 0x00, 0x00, 0x00, 0x00, 0x00, 0x00, 0x00,
  0xc0, 0x0c, 0x00, 0x00, 0x00, 0x00, 0x00, 0x00, 0xc0, 0x0c, 0x00, 0x00,
  0x00, 0x00, 0x00, 0x00, 0x30, 0x14, 0x00, 0x00, 0x00, 0x00, 0x00, 0x00,
  0x00, 0x00, 0x00, 0x00, 0x00, 0x00, 0x00, 0x00, 0x10, 0x00, 0x00, 0x00,
  0x00, 0x00, 0x00, 0x00, 0x00, 0x00, 0x00, 0x00, 0x00, 0x00, 0x00, 0x00,
  0x40, 0x00, 0x00, 0x00, 0x01, 0x00, 0x00, 0x00, 0x02, 0x00, 0x00, 0x00,
  0x00, 0x00, 0x00, 0x00, 0xf0, 0x20, 0x00, 0x00, 0x00, 0x00, 0x00, 0x00,
  0xf0, 0x20, 0x00, 0x00, 0x00, 0x00, 0x00, 0x00, 0x5c, 0x00, 0x00, 0x00,
  0x00, 0x00, 0x00, 0x00, 0x00, 0x00, 0x00, 0x00, 0x00, 0x00, 0x00, 0x00,
  0x04, 0x00, 0x00, 0x00, 0x00, 0x00, 0x00, 0x00, 0x00, 0x00, 0x00, 0x00,
  0x00, 0x00, 0x00, 0x00, 0xa7, 0x00, 0x00, 0x00, 0x01, 0x00, 0x00, 0x00,
  0x02, 0x00, 0x00, 0x00, 0x00, 0x00, 0x00, 0x00, 0x50, 0x21, 0x00, 0x00,
  0x00, 0x00, 0x00, 0x00, 0x50, 0x21, 0x00, 0x00, 0x00, 0x00, 0x00, 0x00,
  0xa0, 0x01, 0x00, 0x00, 0x00, 0x00, 0x00, 0x00, 0x00, 0x00, 0x00, 0x00,
  0x00, 0x00, 0x00, 0x00, 0x08, 0x00, 0x00, 0x00, 0x00, 0x00, 0x00, 0x00,
  0x00, 0x00, 0x00, 0x00, 0x00, 0x00, 0x00, 0x00, 0x01, 0x00, 0x00, 0x00,
  0x01, 0x00, 0x00, 0x00, 0x06, 0x00, 0x00, 0x00, 0x00, 0x00, 0x00, 0x00,
  0xf0, 0x62, 0x00, 0x00, 0x00, 0x00, 0x00, 0x00, 0xf0, 0x22, 0x00, 0x00,
  0x00, 0x00, 0x00, 0x00, 0x0c, 0x12, 0x00, 0x00, 0x00, 0x00, 0x00, 0x00,
  0x00, 0x00, 0x00, 0x00, 0x00, 0x00, 0x00, 0x00, 0x04, 0x00, 0x00, 0x00,
  0x00, 0x00, 0x00, 0x00, 0x00, 0x00, 0x00, 0x00, 0x00, 0x00, 0x00, 0x00,
  0x2e, 0x00, 0x00, 0x00, 0x01, 0x00, 0x00, 0x00, 0x06, 0x00, 0x00, 0x00,
  0x00, 0x00, 0x00, 0x00, 0x00, 0x75, 0x00, 0x00, 0x00, 0x00, 0x00, 0x00,
  0x00, 0x35, 0x00, 0x00, 0x00, 0x00, 0x00, 0x00, 0x70, 0x02, 0x00, 0x00,
  0x00, 0x00, 0x00, 0x00, 0x00, 0x00, 0x00, 0x00, 0x00, 0x00, 0x00, 0x00,
  0x10, 0x00, 0x00, 0x00, 0x00, 0x00, 0x00, 0x00, 0x00, 0x00, 0x00, 0x00,
  0x00, 0x00, 0x00, 0x00, 0xc4, 0x00, 0x00, 0x00, 0x01, 0x00, 0x00, 0x00,
  0x03, 0x04, 0x00, 0x00, 0x00, 0x00, 0x00, 0x00, 0x80, 0xb7, 0x00, 0x00,
  0x00, 0x00, 0x00, 0x00, 0x80, 0x37, 0x00, 0x00, 0x00, 0x00, 0x00, 0x00,
  0x00, 0x00, 0x00, 0x00, 0x00, 0x00, 0x00, 0x00, 0x00, 0x00, 0x00, 0x00,
  0x00, 0x00, 0x00, 0x00, 0x40, 0x00, 0x00, 0x00, 0x00, 0x00, 0x00, 0x00,
  0x00, 0x00, 0x00, 0x00, 0x00, 0x00, 0x00, 0x00, 0xb1, 0x00, 0x00, 0x00,
  0x06, 0x00, 0x00, 0x00, 0x03, 0x00, 0x00, 0x00, 0x00, 0x00, 0x00, 0x00,
  0x80, 0xb7, 0x00, 0x00, 0x00, 0x00, 0x00, 0x00, 0x80, 0x37, 0x00, 0x00,
  0x00, 0x00, 0x00, 0x00, 0x80, 0x01, 0x00, 0x00, 0x00, 0x00, 0x00, 0x00,
  0x07, 0x00, 0x00, 0x00, 0x00, 0x00, 0x00, 0x00, 0x08, 0x00, 0x00, 0x00,
  0x00, 0x00, 0x00, 0x00, 0x10, 0x00, 0x00, 0x00, 0x00, 0x00, 0x00, 0x00,
  0x07, 0x00, 0x00, 0x00, 0x01, 0x00, 0x00, 0x00, 0x03, 0x00, 0x00, 0x00,
  0x00, 0x00, 0x00, 0x00, 0x00, 0xb9, 0x00, 0x00, 0x00, 0x00, 0x00, 0x00,
  0x00, 0x39, 0x00, 0x00, 0x00, 0x00, 0x00, 0x00, 0x20, 0x00, 0x00, 0x00,
  0x00, 0x00, 0x00, 0x00, 0x00, 0x00, 0x00, 0x00, 0x00, 0x00, 0x00, 0x00,
  0x08, 0x00, 0x00, 0x00, 0x00, 0x00, 0x00, 0x00, 0x00, 0x00, 0x00, 0x00,
  0x00, 0x00, 0x00, 0x00, 0x20, 0x00, 0x00, 0x00, 0x01, 0x00, 0x00, 0x00,
  0x03, 0x00, 0x00, 0x00, 0x00, 0x00, 0x00, 0x00, 0x20, 0xb9, 0x00, 0x00,
  0x00, 0x00, 0x00, 0x00, 0x20, 0x39, 0x00, 0x00, 0x00, 0x00, 0x00, 0x00,
  0x40, 0x01, 0x00, 0x00, 0x00, 0x00, 0x00, 0x00, 0x00, 0x00, 0x00, 0x00,
  0x00, 0x00, 0x00, 0x00, 0x08, 0x00, 0x00, 0x00, 0x00, 0x00, 0x00, 0x00,
  0x00, 0x00, 0x00, 0x00, 0x00, 0x00, 0x00, 0x00, 0x98, 0x00, 0x00, 0x00,
  0x08, 0x00, 0x00, 0x00, 0x03, 0x00, 0x00, 0x00, 0x00, 0x00, 0x00, 0x00,
  0x60, 0xba, 0x00, 0x00, 0x00, 0x00, 0x00, 0x00, 0x60, 0x3a, 0x00, 0x00,
  0x00, 0x00, 0x00, 0x00, 0xa0, 0x05, 0x00, 0x00, 0x00, 0x00, 0x00, 0x00,
  0x00, 0x00, 0x00, 0x00, 0x00, 0x00, 0x00, 0x00, 0x01, 0x00, 0x00, 0x00,
  0x00, 0x00, 0x00, 0x00, 0x00, 0x00, 0x00, 0x00, 0x00, 0x00, 0x00, 0x00,
  0xd3, 0x00, 0x00, 0x00, 0x01, 0x00, 0x00, 0x00, 0x03, 0x00, 0x00, 0x00,
  0x00, 0x00, 0x00, 0x00, 0x60, 0xfa, 0x00, 0x00, 0x00, 0x00, 0x00, 0x00,
  0x60, 0x3a, 0x00, 0x00, 0x00, 0x00, 0x00, 0x00, 0x18, 0x00, 0x00, 0x00,
  0x00, 0x00, 0x00, 0x00, 0x00, 0x00, 0x00, 0x00, 0x00, 0x00, 0x00, 0x00,
  0x08, 0x00, 0x00, 0x00, 0x00, 0x00, 0x00, 0x00, 0x00, 0x00, 0x00, 0x00,
  0x00, 0x00, 0x00, 0x00, 0x33, 0x00, 0x00, 0x00, 0x08, 0x00, 0x00, 0x00,
  0x03, 0x00, 0x00, 0x00, 0x00, 0x00, 0x00, 0x00, 0x78, 0xfa, 0x00, 0x00,
  0x00, 0x00, 0x00, 0x00, 0x78, 0x3a, 0x00, 0x00, 0x00, 0x00, 0x00, 0x00,
  0x8c, 0x00, 0x00, 0x00, 0x00, 0x00, 0x00, 0x00, 0x00, 0x00, 0x00, 0x00,
  0x00, 0x00, 0x00, 0x00, 0x08, 0x00, 0x00, 0x00, 0x00, 0x00, 0x00, 0x00,
  0x00, 0x00, 0x00, 0x00, 0x00, 0x00, 0x00, 0x00, 0xba, 0x00, 0x00, 0x00,
  0x03, 0x00, 0x00, 0x00, 0x00, 0x00, 0x00, 0x00, 0x00, 0x00, 0x00, 0x00,
  0x00, 0x00, 0x00, 0x00, 0x00, 0x00, 0x00, 0x00, 0x78, 0x3a, 0x00, 0x00,
  0x00, 0x00, 0x00, 0x00, 0xd9, 0x00, 0x00, 0x00, 0x00, 0x00, 0x00, 0x00,
  0x00, 0x00, 0x00, 0x00, 0x00, 0x00, 0x00, 0x00, 0x01, 0x00, 0x00, 0x00,
  0x00, 0x00, 0x00, 0x00, 0x00, 0x00, 0x00, 0x00, 0x00, 0x00, 0x00, 0x00
};
static const unsigned int ghost_write_helper_bin_len = 16728;
